match_id,team_id,teamName,team_norm,start_event_id,start_ts,stop_reason_candidate_window,shot_20s,outcome_type,outcome_is_censored,outcome_event_id,outcome_time_s,outcome_progress_m,outcome_goal_distance_m,outcome_progression_from_start_m,position_source
5544194,3148,Germany,germany,2218717200,1713.021,window_end,0,no_outcome_within_60s,1,,,,,,none
5544194,8664,Scotland,scotland,2218717234,2084.571,window_end,0,opponent_on_ball,0,2218717368,23.644000000000233,101.85,24.007550895499527,83.4062525624692,event_xy
5544194,3148,Germany,germany,2218717485,2803.775,throw_in,0,throw_in,0,2218717430,5.1599999999998545,42.0,71.58910531638176,-15.202145258007505,event_xy
5544194,3148,Germany,germany,2218718127,4829.251,window_end,0,game_interruption,0,2218717789,21.24699999999939,105.0,11.56,31.856532185596876,event_xy
5544194,3148,Germany,germany,2218718141,4917.148,opponent_on_ball,0,opponent_on_ball,0,2218717820,19.340000000000146,98.7,13.766175939599202,69.74775974077906,event_xy
5544194,8664,Scotland,scotland,2218717818,4934.639,opponent_on_ball,0,opponent_on_ball,0,2218718149,11.046000000000276,66.15,41.87997254058316,49.80072624086472,event_xy
5544194,3148,Germany,germany,2218718172,5108.694,window_end,1,shot,0,2218718175,6.765999999999622,77.7,27.308467551292583,9.475615057881527,event_xy
5544195,6697,Switzerland,switzerland,2219332147,2964.293,opponent_on_ball,0,opponent_on_ball,0,2219332227,18.873000000000047,92.4,13.724197608603568,70.76511091037067,event_xy
5544195,10451,Hungary,hungary,2219332781,4566.285,opponent_on_ball,0,opponent_on_ball,0,2219332671,10.73700000000008,92.4,16.21110730332755,46.121354599648974,event_xy
5544195,6697,Switzerland,switzerland,2219332692,4685.294,opponent_on_ball,0,opponent_on_ball,0,2219332847,13.927999999999884,67.2,38.67073311950525,40.77087739900166,event_xy
5544195,10451,Hungary,hungary,2219332899,4862.454,opponent_on_ball,0,opponent_on_ball,0,2219332750,15.47900000000027,86.1,22.154990408483595,0.3329391923978733,event_xy
5544196,1598,Spain,spain,2219389934,846.67,opponent_on_ball,1,shot,0,2219389941,6.475999999999999,90.3,16.812959287406844,38.51186936981383,event_xy
5544196,1598,Spain,spain,2219390869,3460.468,opponent_on_ball,0,opponent_on_ball,0,2219391131,9.432999999999993,81.9,26.467648176594754,20.6946849107064,event_xy
5544196,9598,Croatia,croatia,2219391444,4259.663,opponent_on_ball,0,opponent_on_ball,0,2219391181,7.503000000000611,89.25,22.196218146341955,13.831016488375468,event_xy
5544196,9598,Croatia,croatia,2219391598,4627.792,window_end,0,no_outcome_within_60s,1,,,,,,none
5544196,1598,Spain,spain,2219391398,4994.716,opponent_on_ball,0,opponent_on_ball,0,2219391637,13.388999999999214,78.75,30.55604850107422,31.907013307416946,event_xy
5544196,9598,Croatia,croatia,2219391636,5005.359,window_end,0,shot,0,2219391647,21.506999999999607,82.95,24.29490687366387,66.10179885481088,event_xy
5544196,1598,Spain,spain,2219391449,5259.818,opponent_on_ball,1,shot,0,2219391463,15.011999999999716,96.6,16.56738965558546,62.150127064558845,event_xy
5544197,8731,Albania,albania,2219456923,430.295,opponent_on_ball,1,shot,0,2219456934,11.387,93.45,18.8998439146994,34.790986259479766,event_xy
5544197,3757,Italy,italy,2219457103,1069.159,game_interruption,0,game_interruption,0,2219457112,10.259999999999991,105.0,12.24,35.39227685857307,event_xy
5544197,8731,Albania,albania,2219458017,3892.511,opponent_on_ball,0,opponent_on_ball,0,2219458257,11.204999999999927,56.7,48.3,33.28929485196328,event_xy
5544197,8731,Albania,albania,2219458129,4302.79,opponent_on_ball,0,opponent_on_ball,0,2219458374,12.949999999999818,94.5,17.181676286090365,59.77956737252026,event_xy
5544198,12046,Slovenia,slovenia,2220250128,287.977,opponent_on_ball,0,opponent_on_ball,0,2220250488,11.69500000000005,92.4,13.244108123992337,66.75098700478065,event_xy
5544198,7712,Denmark,denmark,2220250711,877.548,window_end,0,opponent_on_ball,0,2220250221,58.09500000000003,74.55,41.28555316330399,53.57829065232541,event_xy
5544198,12046,Slovenia,slovenia,2220250221,935.643,opponent_on_ball,0,opponent_on_ball,0,2220250743,5.178999999999974,76.65,29.003049839628932,33.44728295468637,event_xy
5544198,12046,Slovenia,slovenia,2220250425,1853.486,opponent_on_ball,0,opponent_on_ball,0,2220251057,12.733999999999924,93.45,12.76699259810234,62.763984909171675,event_xy
5544198,12046,Slovenia,slovenia,2220250652,2927.971,window_end,0,opponent_on_ball,0,2220251443,52.184999999999945,94.5,15.120330684214549,46.80493689457382,event_xy
5544198,12046,Slovenia,slovenia,2220250827,3830.607,opponent_on_ball,0,opponent_on_ball,0,2220251574,9.476000000000113,60.9,44.1,14.794935138740527,event_xy
5544198,7712,Denmark,denmark,2220251572,3835.113,window_end,1,shot,0,2220251581,11.345000000000255,99.75,5.632415112542754,65.94354754230635,event_xy
5544198,12046,Slovenia,slovenia,2220250899,4144.695,window_end,0,opponent_on_ball,0,2220251633,42.215000000000146,91.35,20.251520930537545,48.98277889190783,event_xy
5544198,7712,Denmark,denmark,2220251632,4185.098,window_end,0,game_interruption,0,2220250915,21.199999999999818,105.0,17.0,90.90767744842613,event_xy
5544199,17322,Serbia,serbia,2220315340,1321.544,opponent_on_ball,0,opponent_on_ball,0,2220315462,5.939999999999827,58.8,53.61231201878912,4.26032164558994,event_xy
5544199,2413,England,england,2220316011,2891.711,opponent_on_ball,0,opponent_on_ball,0,2220316015,16.226000000000113,78.75,27.489054185257086,60.544107798867735,event_xy
5544199,17322,Serbia,serbia,2220316406,3880.942,opponent_on_ball,0,opponent_on_ball,0,2220316405,7.300000000000182,101.85,4.161838536031886,23.063288853364682,event_xy
5544200,664,Netherlands,netherlands,2220208287,614.373,opponent_on_ball,0,opponent_on_ball,0,2220208548,10.57899999999995,49.35,59.75299239368686,29.134879239982947,event_xy
5544200,13869,Poland,poland,2220208803,1220.263,opponent_on_ball,0,opponent_on_ball,0,2220208460,13.485000000000127,56.7,55.76902724631299,39.23794866725681,event_xy
5544200,664,Netherlands,netherlands,2220208484,1358.96,game_interruption,1,shot,0,2220208497,9.403999999999996,100.8,13.585521705109453,58.11153996724572,event_xy
5544200,13869,Poland,poland,2220208926,1508.154,opponent_on_ball,0,opponent_on_ball,0,2220208561,10.95900000000006,89.25,18.403611058702584,57.18668734139052,event_xy
5544200,664,Netherlands,netherlands,2220208645,1728.457,window_end,1,shot,0,2220209725,3.1469999999999345,87.15,19.101374296107593,3.002865309460219,event_xy
5544200,664,Netherlands,netherlands,2220208679,1900.05,opponent_on_ball,0,opponent_on_ball,0,2220209132,13.728000000000065,85.05,19.950000000000003,62.146847693910885,event_xy
5544200,13869,Poland,poland,2220209252,2082.491,opponent_on_ball,0,opponent_on_ball,0,2220208732,11.610999999999876,93.45,16.341239243092918,25.253960793762815,event_xy
5544200,664,Netherlands,netherlands,2220208915,2619.913,opponent_on_ball,0,opponent_on_ball,0,2220209462,6.155999999999949,61.95,44.24186365875651,3.8861719312418614,event_xy
5544200,664,Netherlands,netherlands,2220209096,3075.62,opponent_on_ball,0,opponent_on_ball,0,2220209699,9.776000000000295,87.15,21.643477077401396,18.63808877393251,event_xy
5544200,664,Netherlands,netherlands,2220209123,3218.368,game_interruption,1,shot,0,2220209135,9.54300000000012,91.35,18.794916866003962,42.327106952360054,event_xy
5544200,13869,Poland,poland,2220209763,3521.49,opponent_on_ball,0,opponent_on_ball,0,2220209215,10.58600000000024,88.2,21.61480973777007,43.85808367640182,event_xy
5544200,664,Netherlands,netherlands,2220209215,3532.076,opponent_on_ball,0,opponent_on_ball,0,2220209771,10.681999999999789,80.85,30.752952703764887,57.49630832995745,event_xy
5544200,664,Netherlands,netherlands,2220209225,3592.597,opponent_on_ball,0,opponent_on_ball,0,2220209783,13.599999999999909,65.1,47.17028301801888,52.183035626641285,event_xy
5544200,13869,Poland,poland,2220210011,3726.609,opponent_on_ball,0,opponent_on_ball,0,2220209241,6.7840000000001055,97.65,10.48679646031141,13.023597580045376,event_xy
5544200,664,Netherlands,netherlands,2220209556,4895.123,opponent_on_ball,0,opponent_on_ball,0,2220209910,8.913000000000466,77.7,28.912288045051017,32.981038904585276,event_xy
5544200,13869,Poland,poland,2220209934,5317.805,game_interruption,1,shot,0,2220209941,12.286000000000058,97.65,8.098302291221286,45.541839879335846,event_xy
5544201,4418,France,france,2220776400,843.857,opponent_on_ball,0,opponent_on_ball,0,2220776229,10.651000000000067,76.65,37.904460159722625,24.47130976012368,event_xy
5544201,9109,Austria,austria,2220776295,1173.047,opponent_on_ball,0,opponent_on_ball,0,2220776540,14.366999999999962,76.65,29.32017905811627,42.82660776741359,event_xy
5544201,9109,Austria,austria,2220776576,2024.622,window_end,0,opponent_on_ball,0,2220776882,22.945999999999913,90.3,14.700000000000003,65.74093311965792,event_xy
5544201,4418,France,france,2220777381,3267.948,game_interruption,1,shot,0,2220777392,10.691000000000258,91.35,13.717583606451983,34.258721275843946,event_xy
5544201,4418,France,france,2220777550,3821.586,game_interruption,1,shot,0,2220777558,7.764000000000124,85.05,26.210732534593532,0.5835002850155746,event_xy
5544201,4418,France,france,2220777572,3908.056,opponent_on_ball,0,opponent_on_ball,0,2220777265,8.09900000000016,59.85,45.47654450373291,13.128052392431655,event_xy
5544201,9109,Austria,austria,2220777294,3963.584,opponent_on_ball,0,opponent_on_ball,0,2220777619,16.527000000000044,84.0,32.253223094754425,64.72897627925374,event_xy
5544201,4418,France,france,2220777682,4087.795,opponent_on_ball,0,opponent_on_ball,0,2220777325,8.454999999999927,59.85,49.82859520395894,39.501859616770396,event_xy
5544201,4418,France,france,2220777934,4920.917,opponent_on_ball,1,shot,0,2220777945,12.886999999999716,95.55,11.642272115012604,33.415368584878436,event_xy
5544202,5629,Belgium,belgium,2220757857,3649.621,opponent_on_ball,0,opponent_on_ball,0,2220758579,12.491999999999734,91.35,15.565118052877088,42.20870770066242,event_xy
5544202,5629,Belgium,belgium,2220757880,3706.187,opponent_on_ball,0,opponent_on_ball,0,2220758587,6.239000000000033,103.95,1.2509596316428417,3.67475876639665,event_xy
5544202,14496,Slovakia,slovakia,2220758801,5366.67,game_interruption,0,game_interruption,0,2220758806,15.690999999999804,65.1,52.421465069187065,32.942228639034695,event_xy
5544203,11944,Romania,romania,2220695869,458.423,opponent_on_ball,0,opponent_on_ball,0,2220695781,6.274000000000001,79.8,28.015310100014958,5.547147150493345,event_xy
5544203,11944,Romania,romania,2220697416,3631.759,opponent_on_ball,0,opponent_on_ball,0,2220696687,9.326000000000022,76.65,36.58219375597915,-1.7801965300858882,event_xy
5544204,4687,Türkiye,turkiye,2221660107,257.79200000000003,opponent_on_ball,0,opponent_on_ball,0,2221659930,6.058999999999969,32.55,75.84560699209943,-40.29178249400688,event_xy
5544204,4687,Türkiye,turkiye,2221660115,267.587,opponent_on_ball,0,opponent_on_ball,0,2221659938,11.947000000000003,75.6,36.57673577562657,38.006790264166156,event_xy
5544204,4687,Türkiye,turkiye,2221660760,1587.208,window_end,0,no_outcome_within_60s,1,,,,,,none
5544204,15874,Georgia,georgia,2221660488,2275.321,opponent_on_ball,0,opponent_on_ball,0,2221660990,12.01299999999992,28.349999999999994,78.09624894961345,15.060000416251967,event_xy
5544204,15874,Georgia,georgia,2221660761,2897.429,window_end,1,shot,0,2221660779,16.652000000000044,97.65,17.898740179129923,15.377339925951247,event_xy
5544204,15874,Georgia,georgia,2221660798,3035.044,window_end,0,shot,0,2221660817,30.483999999999924,94.5,11.264830225085507,80.909857872647,event_xy
5544204,4687,Türkiye,turkiye,2221661740,4282.43,opponent_on_ball,1,shot,0,2221661746,10.722999999999956,48.3,56.704077454800384,22.070153594568573,event_xy
5544204,4687,Türkiye,turkiye,2221661802,5166.871,window_end,0,shot,0,2221661814,22.390000000000327,95.55,10.903948825998773,48.93116615828933,event_xy
5544206,8664,Scotland,scotland,2222167221,443.295,opponent_on_ball,0,opponent_on_ball,0,2222167363,13.010999999999967,48.3,61.492519870306175,29.019748593626204,event_xy
5544206,8664,Scotland,scotland,2222167304,751.361,opponent_on_ball,1,shot,0,2222167315,12.692999999999984,90.3,16.49364726190057,30.842753572631167,event_xy
5544206,8664,Scotland,scotland,2222167406,1340.636,opponent_on_ball,0,opponent_on_ball,0,2222167771,14.659000000000106,73.5,44.874175201333784,50.56959993078398,event_xy
5544206,6697,Switzerland,switzerland,2222168111,2458.652,opponent_on_ball,0,opponent_on_ball,0,2222167740,14.061999999999898,95.55,17.694747808318716,41.79182724336466,event_xy
5544206,6697,Switzerland,switzerland,2222168177,2590.242,opponent_on_ball,0,opponent_on_ball,0,2222167782,13.423999999999978,92.4,14.007655050007473,41.67167057913802,event_xy
5544206,8664,Scotland,scotland,2222168297,4495.377,opponent_on_ball,0,opponent_on_ball,0,2222168727,5.294999999999163,94.5,27.891855442046158,-9.951786755134762,event_xy
5544207,10451,Hungary,hungary,2222144139,9.893,opponent_on_ball,0,opponent_on_ball,0,2222144156,7.574999999999999,86.1,19.094721783780987,17.15938019632017,event_xy
5544207,3148,Germany,germany,2222144240,231.934,window_end,1,shot,0,2222144246,15.613,86.1,20.865176730619854,55.96640515912314,event_xy
5544207,10451,Hungary,hungary,2222144431,465.105,opponent_on_ball,0,opponent_on_ball,0,2222144275,10.629999999999995,64.05,44.87752332738517,26.52513971603537,event_xy
5544207,10451,Hungary,hungary,2222145631,3526.914,window_end,0,shot,0,2222145640,23.113999999999578,97.65,8.098302291221286,91.16927452089614,event_xy
5544207,3148,Germany,germany,2222145488,4066.168,opponent_on_ball,0,opponent_on_ball,0,2222145791,7.980999999999767,51.45,55.42130366564828,30.45412451359185,event_xy
5544207,3148,Germany,germany,2222145959,5268.157,opponent_on_ball,1,shot,0,2222145969,8.289999999999964,93.45,15.409169348151117,27.313249697816005,event_xy
5544207,10451,Hungary,hungary,2222146142,5311.552,window_end,0,opponent_on_ball,0,2222145987,42.18000000000029,99.75,5.912774306533271,91.70555921976737,event_xy
5544208,8731,Albania,albania,2222027990,13.648,opponent_on_ball,0,opponent_on_ball,0,2222023897,11.454,80.85,30.336646156093135,20.69204275853837,event_xy
5544208,8731,Albania,albania,2222024294,1155.136,opponent_on_ball,0,opponent_on_ball,0,2222024372,9.776000000000067,79.8,27.448395217207146,46.20232967656396,event_xy
5544208,8731,Albania,albania,2222024536,1822.211,opponent_on_ball,0,opponent_on_ball,0,2222024590,8.136999999999944,77.7,27.37611367597673,25.262624703631325,event_xy
5544208,8731,Albania,albania,2222024621,2088.909,opponent_on_ball,0,opponent_on_ball,0,2222024690,10.308999999999742,77.7,27.333854466576785,41.711007709969564,event_xy
5544208,9598,Croatia,croatia,2222025182,3316.185,opponent_on_ball,0,opponent_on_ball,0,2222024990,6.9520000000002256,86.1,21.16223995705559,22.104152075599202,event_xy
5544208,8731,Albania,albania,2222025090,3489.412,opponent_on_ball,0,opponent_on_ball,0,2222025265,14.776000000000295,72.45,32.72709122424417,51.159350645325716,event_xy
5544208,8731,Albania,albania,2222025209,3927.955,opponent_on_ball,0,opponent_on_ball,0,2222025417,6.934999999999945,93.45,14.967728618598079,17.830750713063836,event_xy
5544208,9598,Croatia,croatia,2222025570,4338.101,window_end,0,opponent_on_ball,0,2222025324,21.13500000000022,95.55,9.667683279876316,79.66065929171111,event_xy
5544208,8731,Albania,albania,2222025332,4369.765,opponent_on_ball,1,shot,0,2222025336,8.216999999999643,79.8,26.488216247984692,17.23214110337797,event_xy
5544208,8731,Albania,albania,2222025437,4842.927,opponent_on_ball,0,opponent_on_ball,0,2222025737,7.686000000000604,84.0,27.451455334826967,44.940927721548874,event_xy
5544208,8731,Albania,albania,2222025457,4902.972,opponent_on_ball,0,opponent_on_ball,0,2222025791,13.322000000000116,97.65,7.627850286941919,36.69515449551863,event_xy
5544208,9598,Croatia,croatia,2222025857,5257.015,game_interruption,1,shot,0,2222025860,5.7280000000000655,79.8,26.101340961720727,7.997357717245805,event_xy
5544208,9598,Croatia,croatia,2222025866,5290.964,window_end,1,shot,0,2222025872,12.824999999999818,98.7,14.374157366607617,51.0394656598219,event_xy
5544209,3757,Italy,italy,2222757638,755.723,opponent_on_ball,0,opponent_on_ball,0,2222757360,12.547000000000025,94.5,10.696335821205315,75.38908833805539,event_xy
5544209,1598,Spain,spain,2222757422,949.526,opponent_on_ball,0,opponent_on_ball,0,2222757747,6.599000000000046,58.8,47.97255882272698,16.355123723896796,event_xy
5544209,1598,Spain,spain,2222757719,1781.717,opponent_on_ball,0,opponent_on_ball,0,2222758158,34.702,87.15,34.25784727620812,53.73691722366361,event_xy
5544209,1598,Spain,spain,2222757867,2383.541,window_end,0,opponent_on_ball,0,2222758375,22.78099999999995,94.5,28.52298020894731,51.38229746817694,event_xy
5544209,3757,Italy,italy,2222758612,3031.408,opponent_on_ball,0,opponent_on_ball,0,2222758070,10.512000000000171,88.2,20.78599528528764,69.89992432764996,event_xy
5544209,1598,Spain,spain,2222758135,3330.684,opponent_on_ball,0,opponent_on_ball,0,2222758733,21.272999999999683,95.55,9.547360891890493,35.11535205204001,event_xy
5544209,1598,Spain,spain,2222758249,3651.766,opponent_on_ball,0,opponent_on_ball,0,2222758798,5.923999999999978,77.7,27.333854466576785,-11.135947384958811,event_xy
5544209,3757,Italy,italy,2222758876,4075.597,opponent_on_ball,0,opponent_on_ball,0,2222758422,5.153999999999996,73.5,35.79455265819088,21.52845458924874,event_xy
5544209,1598,Spain,spain,2222758541,4803.858,opponent_on_ball,1,shot,0,2222758553,10.091999999999643,97.65,14.277258140133206,50.48852665358049,event_xy
5544210,7712,Denmark,denmark,2222640715,56.897,opponent_on_ball,0,opponent_on_ball,0,2222640539,8.676000000000009,67.2,38.98038481082504,12.519331551343647,event_xy
5544210,7712,Denmark,denmark,2222641380,2156.555,opponent_on_ball,0,opponent_on_ball,0,2222641112,7.186000000000149,85.05,20.36292955348027,37.247779620383106,event_xy
5544210,7712,Denmark,denmark,2222641854,3186.316,window_end,0,opponent_on_ball,0,2222641589,36.79200000000037,71.4,34.152809547678494,1.0308362349821039,event_xy
5544210,7712,Denmark,denmark,2222642370,4967.505,opponent_on_ball,0,opponent_on_ball,0,2222642128,5.48700000000008,96.6,17.75301664506627,21.55107182749711,event_xy
5544210,7712,Denmark,denmark,2222642380,5038.774,game_interruption,1,shot,0,2222642385,5.9399999999996,82.95,26.27015226449972,6.77938624882232,event_xy
5544210,7712,Denmark,denmark,2222642388,5088.37,opponent_on_ball,0,opponent_on_ball,0,2222642154,9.328999999999724,68.25,37.25609882958762,41.1105571114487,event_xy
5544211,17322,Serbia,serbia,2222601750,2555.523,opponent_on_ball,0,opponent_on_ball,0,2222601578,16.28099999999995,93.45,13.071224120180936,85.26211575069735,event_xy
5544211,12046,Slovenia,slovenia,2222601580,2573.926,opponent_on_ball,1,shot,0,2222601821,16.796000000000276,80.85,26.774168521169806,59.88273108638339,event_xy
5544211,17322,Serbia,serbia,2222602183,3541.588,opponent_on_ball,0,opponent_on_ball,0,2222601834,8.067999999999756,75.6,40.05246559202068,-23.869751615649008,event_xy
5544211,12046,Slovenia,slovenia,2222602001,4084.093,window_end,1,shot,0,2222602016,15.735000000000582,98.7,9.269843580125825,8.072149153228807,event_xy
5544212,9109,Austria,austria,2223223957,187.929,game_interruption,0,game_interruption,0,2223223960,10.49199999999999,105.0,29.24,48.96114073549207,event_xy
5544212,9109,Austria,austria,2223223961,230.387,opponent_on_ball,0,opponent_on_ball,0,2223224311,9.490000000000009,97.65,8.756717421499904,45.85525936445222,event_xy
5544212,13869,Poland,poland,2223224427,682.982,opponent_on_ball,0,opponent_on_ball,0,2223224047,12.999000000000024,67.2,42.32447991411117,53.067747898645564,event_xy
5544212,9109,Austria,austria,2223224190,1257.851,opponent_on_ball,0,opponent_on_ball,0,2223224652,10.082999999999856,82.95,23.2841770307649,36.251329039812745,event_xy
5544212,9109,Austria,austria,2223224211,1348.57,opponent_on_ball,0,opponent_on_ball,0,2223224667,10.66800000000012,92.4,12.673184288094285,32.48899770950506,event_xy
5544212,9109,Austria,austria,2223224499,2292.97,opponent_on_ball,1,shot,0,2223224512,11.226000000000113,92.4,14.317821063276346,56.6714620086364,event_xy
5544212,9109,Austria,austria,2223224858,2992.103,opponent_on_ball,0,opponent_on_ball,0,2223225173,9.192999999999756,85.05,21.077060990565077,33.4212195653775,event_xy
5544212,9109,Austria,austria,2223224918,3157.493,window_end,0,no_outcome_within_60s,1,,,,,,none
5544212,9109,Austria,austria,2223224933,3239.86,opponent_on_ball,1,shot,0,2223224942,5.281999999999698,91.35,18.794916866003962,21.359869324883448,event_xy
5544212,9109,Austria,austria,2223225057,3680.589,window_end,0,no_outcome_within_60s,1,,,,,,none
5544212,9109,Austria,austria,2223225139,4119.415,opponent_on_ball,0,opponent_on_ball,0,2223225504,8.247999999999593,65.1,41.18312761313789,39.69293014203094,event_xy
5544212,9109,Austria,austria,2223225302,4962.011,opponent_on_ball,0,opponent_on_ball,0,2223225645,15.622999999999593,92.4,12.89024437316841,66.47743586067742,event_xy
5544212,13869,Poland,poland,2223225703,5339.375,game_interruption,0,game_interruption,0,2223225445,8.681999999999789,31.5,80.9830229122129,9.528839235190617,event_xy
5544213,664,Netherlands,netherlands,2223280456,1975.919,window_end,0,opponent_on_ball,0,2223280662,55.74299999999994,92.4,14.317821063276346,59.22580276608346,event_xy
5544213,4418,France,france,2223281628,5299.374,opponent_on_ball,0,game_interruption,0,2223281411,18.266999999999825,98.7,34.57875070039402,52.1134119571798,event_xy
5544214,14622,Ukraine,ukraine,2223173842,532.458,opponent_on_ball,0,opponent_on_ball,0,2223173797,12.96300000000008,99.75,11.471813282999335,69.5503952596284,event_xy
5544214,14622,Ukraine,ukraine,2223174472,2199.086,game_interruption,0,game_interruption,0,2223174487,12.96600000000035,95.55,35.28884384617893,52.52083063813528,event_xy
5544214,14496,Slovakia,slovakia,2223174860,3451.751,opponent_on_ball,1,shot,0,2223174876,16.838999999999942,84.0,28.80761010566479,63.13935978832761,event_xy
5544214,14622,Ukraine,ukraine,2223175317,4415.091,opponent_on_ball,0,opponent_on_ball,0,2223175123,7.516999999999825,44.1,61.63960090720899,9.649178524294378,event_xy
5544215,5629,Belgium,belgium,2223778920,59.956,window_end,1,shot,0,2223778927,15.155000000000001,84.0,21.09885304939584,25.07900492142126,event_xy
5544215,11944,Romania,romania,2223779759,2205.341,opponent_on_ball,0,opponent_on_ball,0,2223779623,15.429000000000087,68.25,36.80657685794755,58.3768737087251,event_xy
5544215,5629,Belgium,belgium,2223779623,2220.77,game_interruption,0,game_interruption,0,2223779629,11.567000000000007,105.0,17.68,42.51106708518122,event_xy
5544215,11944,Romania,romania,2223779937,2741.369,opponent_on_ball,1,shot,0,2223779941,4.347999999999956,81.9,26.142448240361873,0.2238888474565215,event_xy
5544215,5629,Belgium,belgium,2223779898,2927.346,opponent_on_ball,0,opponent_on_ball,0,2223779995,18.128999999999905,92.4,29.976657585528105,76.73109347546634,event_xy
5544215,5629,Belgium,belgium,2223780031,3279.868,window_end,1,shot,0,2223780034,4.568000000000211,87.15,18.170924577467154,0.2617785378937185,event_xy
5544215,5629,Belgium,belgium,2223780045,3423.874,opponent_on_ball,1,shot,0,2223780058,13.856000000000222,91.35,16.64190193457467,24.297405348106906,event_xy
5544215,5629,Belgium,belgium,2223780135,3772.06,window_end,0,no_outcome_within_60s,1,,,,,,none
5544215,5629,Belgium,belgium,2223780234,4075.353,window_end,0,opponent_on_ball,0,2223780394,23.735999999999876,97.65,7.627850286941919,80.9938888875693,event_xy
5544215,5629,Belgium,belgium,2223780404,4905.671,opponent_on_ball,0,opponent_on_ball,0,2223780653,12.181999999999789,97.65,7.8371487162105025,57.121637511221394,event_xy
5544215,5629,Belgium,belgium,2223780435,5016.43,game_interruption,0,game_interruption,0,2223780680,15.429999999999382,105.0,10.2,45.92828518820392,event_xy
5544215,5629,Belgium,belgium,2223780523,5302.286,game_interruption,1,shot,0,2223780526,9.760999999999513,100.8,12.29933331526551,47.60764881248124,event_xy
5544217,9905,Portugal,portugal,2223728688,435.675,opponent_on_ball,0,opponent_on_ball,0,2223728843,10.248999999999967,101.85,11.326822149217318,52.0859681515785,event_xy
5544217,4687,Türkiye,turkiye,2223728978,865.983,opponent_on_ball,0,opponent_on_ball,0,2223728998,6.224000000000046,3.1500000000000057,104.29274231699921,-95.69371772903635,event_xy
5544217,9905,Portugal,portugal,2223729385,1672.973,opponent_on_ball,0,opponent_on_ball,0,2223729196,6.43100000000004,84.0,24.30673980607025,24.20487003967059,event_xy
5544217,9905,Portugal,portugal,2223729410,1768.756,opponent_on_ball,0,opponent_on_ball,0,2223729209,12.673000000000002,63.0,44.14702707997448,36.33117082773499,event_xy
5544217,4687,Türkiye,turkiye,2223729468,2409.474,window_end,1,shot,0,2223729477,4.993999999999687,81.9,23.457544628541147,13.360928893354284,event_xy
5544217,4687,Türkiye,turkiye,2223729854,3488.046,opponent_on_ball,0,opponent_on_ball,0,2223730098,9.432999999999993,94.5,22.341181705541,31.063514754603872,event_xy
5544217,9905,Portugal,portugal,2223730127,3576.511,opponent_on_ball,0,opponent_on_ball,0,2223729944,17.215999999999894,97.65,13.698762717851563,62.41624521073024,event_xy
5544218,3148,Germany,germany,2224483181,770.492,window_end,0,opponent_on_ball,0,2224483128,32.764999999999986,79.8,33.74305261827981,48.50381660066968,event_xy
5544219,10451,Hungary,hungary,2224602525,444.917,opponent_on_ball,1,shot,0,2224602544,16.01800000000003,77.7,28.912288045051017,68.56992358747492,event_xy
5544219,8664,Scotland,scotland,2224602803,1707.686,game_interruption,0,game_interruption,0,2224602967,11.897000000000162,105.0,34.0,69.03605627330472,event_xy
5544219,8664,Scotland,scotland,2224602851,1988.781,opponent_on_ball,0,opponent_on_ball,0,2224603045,5.527000000000044,57.75,48.80963122171689,25.849887108983665,event_xy
5544219,8664,Scotland,scotland,2224603182,3167.655,opponent_on_ball,0,shot,0,2224603189,7.967999999999847,82.95,23.756011870682332,30.209672005442485,event_xy
5544219,10451,Hungary,hungary,2224603656,3322.38,opponent_on_ball,1,shot,0,2224603669,11.380999999999858,90.3,17.892177061498135,53.64877837329516,event_xy
5544219,10451,Hungary,hungary,2224603799,3865.594,opponent_on_ball,0,opponent_on_ball,0,2224603400,14.226999999999862,79.8,35.60990873338487,-3.9751263411806406,event_xy
5544219,10451,Hungary,hungary,2224603860,3995.44,opponent_on_ball,0,opponent_on_ball,0,2224603443,5.692000000000007,94.5,13.297954729957537,19.492900079961018,event_xy
5544219,8664,Scotland,scotland,2224603496,4585.596,opponent_on_ball,0,opponent_on_ball,0,2224603914,11.57300000000032,93.45,16.829144363276463,48.95263181217529,event_xy
5544219,10451,Hungary,hungary,2224603916,4634.771,opponent_on_ball,0,opponent_on_ball,0,2224603522,9.32300000000032,94.5,12.509596316428441,35.60373599140791,event_xy
5544219,10451,Hungary,hungary,2224603995,5000.928,opponent_on_ball,0,opponent_on_ball,0,2224603592,5.431000000000495,69.3,37.52497301797831,40.38665153302678,event_xy
5544219,10451,Hungary,hungary,2224604014,5065.763,opponent_on_ball,0,opponent_on_ball,0,2224603612,18.396999999999935,101.85,6.883087969799604,61.947416457827146,event_xy
5544220,3757,Italy,italy,2225800688,622.932,window_end,1,shot,0,2225800701,13.194999999999936,89.25,21.72243310497238,49.46141657796598,event_xy
5544220,9598,Croatia,croatia,2225800676,1476.551,opponent_on_ball,0,opponent_on_ball,0,2225801006,10.72700000000009,70.35,36.12011212607182,43.91234902889752,event_xy
5544220,3757,Italy,italy,2225801999,4644.585,opponent_on_ball,0,opponent_on_ball,0,2225801666,7.318000000000211,46.2,62.018693955935575,20.72455097599085,event_xy
5544221,1598,Spain,spain,2225544692,1247.628,game_interruption,1,shot,0,2225544712,10.859000000000151,82.95,27.432551831719923,23.418440541251094,event_xy
5544221,1598,Spain,spain,2225546356,1319.212,opponent_on_ball,0,opponent_on_ball,0,2225544767,12.721000000000004,96.6,9.65492620375734,52.260906315643055,event_xy
5544221,8731,Albania,albania,2225544769,1339.675,window_end,0,no_outcome_within_60s,1,,,,,,none
5544221,1598,Spain,spain,2225544976,2023.837,opponent_on_ball,0,opponent_on_ball,0,2225545049,12.360000000000127,102.9,7.769195582555505,50.0354844264567,event_xy
5544221,8731,Albania,albania,2225545142,2310.492,opponent_on_ball,0,opponent_on_ball,0,2225545084,17.059999999999945,72.45,34.775280013250786,54.25048561101306,event_xy
5544221,1598,Spain,spain,2225545345,2935.999,opponent_on_ball,0,opponent_on_ball,0,2225545337,9.426000000000386,91.35,14.067071479167232,15.66842647921392,event_xy
5544221,8731,Albania,albania,2225545391,3089.297,window_end,0,opponent_on_ball,0,2225545414,23.547999999999774,94.5,15.616773034145051,69.70395061843833,event_xy
5544221,8731,Albania,albania,2225545688,3868.123,opponent_on_ball,0,opponent_on_ball,0,2225545682,11.485999999999876,84.0,24.656163529632913,26.10629907048841,event_xy
5544221,1598,Spain,spain,2225545885,4533.39,opponent_on_ball,0,opponent_on_ball,0,2225545928,6.360999999999876,86.1,24.53201173976566,-2.4557650770602777,event_xy
5544221,1598,Spain,spain,2225545901,4571.586,opponent_on_ball,1,shot,0,2225545916,17.130999999999403,81.9,24.280864893985957,46.478889569119964,event_xy
5544221,8731,Albania,albania,2225545939,4588.81,window_end,0,shot,0,2225545949,22.419999999999163,85.05,25.34979487096493,50.80170067576124,event_xy
5544221,1598,Spain,spain,2225546384,4819.835,opponent_on_ball,0,opponent_on_ball,0,2225545988,17.20299999999952,84.0,21.09885304939584,41.57650163305151,event_xy
5544221,8731,Albania,albania,2225546025,4967.585,game_interruption,1,shot,0,2225546042,17.188000000000102,96.6,14.289632605494099,50.901001582393086,event_xy
5544221,8731,Albania,albania,2225546052,5067.752,opponent_on_ball,0,opponent_on_ball,0,2225546126,10.125999999999294,82.95,27.432551831719923,43.78703289952426,event_xy
5544221,8731,Albania,albania,2225546140,5382.338,window_end,0,opponent_on_ball,0,2225546215,52.23000000000047,97.65,27.51968204758187,11.416414385199047,event_xy
5544222,2413,England,england,2226418528,572.335,window_end,0,opponent_on_ball,0,2226418389,41.63900000000001,78.75,30.213640959010554,38.389263685012395,event_xy
5544222,12046,Slovenia,slovenia,2226420296,1709.779,opponent_on_ball,0,opponent_on_ball,0,2226418983,13.04099999999994,90.3,22.47420743875076,54.04255961756435,event_xy
5544222,12046,Slovenia,slovenia,2226419446,4991.482,opponent_on_ball,0,opponent_on_ball,0,2226419896,10.256000000000313,69.3,37.52497301797831,51.79478048954722,event_xy
5544222,2413,England,england,2226419902,5058.694,opponent_on_ball,0,opponent_on_ball,0,2226419476,13.907999999999447,76.65,30.366048475229693,57.68784923952239,event_xy
5544223,17322,Serbia,serbia,2226410952,2018.238,opponent_on_ball,0,opponent_on_ball,0,2226410588,5.808999999999969,47.25,57.94583764171505,-0.5336530705811668,event_xy
5544223,7712,Denmark,denmark,2226410842,2771.62,game_interruption,0,game_interruption,0,2226411280,12.204999999999927,33.599999999999994,79.08198277736845,33.48231834680423,event_xy
5544223,17322,Serbia,serbia,2226411335,3167.393,window_end,0,no_outcome_within_60s,1,,,,,,none
5544223,7712,Denmark,denmark,2226411079,3526.929,opponent_on_ball,0,opponent_on_ball,0,2226411453,5.1159999999999854,69.3,38.9756282822997,5.817717393256757,event_xy
5544223,17322,Serbia,serbia,2226411829,4920.544,opponent_on_ball,0,opponent_on_ball,0,2226411513,15.44000000000051,80.85,25.49133382151668,54.05785994076986,event_xy
5544223,17322,Serbia,serbia,2226411879,5320.487,opponent_on_ball,0,opponent_on_ball,0,2226411604,8.105999999999767,81.9,29.507619355007268,17.325092691496863,event_xy
5544224,9109,Austria,austria,2226368692,290.469,opponent_on_ball,0,opponent_on_ball,0,2226368310,14.536000000000001,97.65,9.5643557022938,30.97744471809608,event_xy
5544224,9109,Austria,austria,2226368850,843.596,game_interruption,0,game_interruption,0,2226368418,18.985000000000014,105.0,23.12,66.44058377067486,event_xy
5544224,664,Netherlands,netherlands,2226368994,2767.739,window_end,1,shot,0,2226369004,8.806999999999789,94.5,12.509596316428441,26.469682537030877,event_xy
5544224,9109,Austria,austria,2226369623,3489.424,opponent_on_ball,0,opponent_on_ball,0,2226369206,8.24200000000019,64.05,41.15275081935594,13.172523233790486,event_xy
5544224,9109,Austria,austria,2226369771,4287.075,opponent_on_ball,0,opponent_on_ball,0,2226369438,9.259000000000015,60.9,44.183802461988265,19.834436069231067,event_xy
5544224,9109,Austria,austria,2226369834,4439.851,opponent_on_ball,0,opponent_on_ball,0,2226369495,9.84100000000035,76.65,28.423302060105534,35.20182718354421,event_xy
5544225,4418,France,france,2226397711,771.202,game_interruption,0,game_interruption,0,2226398018,14.488000000000056,105.0,25.16,57.46792238162936,event_xy
5544225,4418,France,france,2226397823,1116.788,game_interruption,1,shot,0,2226397829,9.365000000000009,96.6,11.247684206093275,30.79270356352538,event_xy
5544225,13869,Poland,poland,2226398479,1884.508,opponent_on_ball,0,opponent_on_ball,0,2226398035,4.316000000000031,61.95,52.42622340012677,-3.2408988066096356,event_xy
5544225,13869,Poland,poland,2226398490,1909.047,opponent_on_ball,0,opponent_on_ball,0,2226398053,10.911000000000058,68.25,36.90694379110793,24.19093157676126,event_xy
5544225,13869,Poland,poland,2226398771,2986.092,window_end,0,opponent_on_ball,0,2226398468,25.491999999999734,66.15,43.26481364804429,25.375757994961447,event_xy
5544225,4418,France,france,2226398657,3676.744,opponent_on_ball,0,opponent_on_ball,0,2226398964,8.836999999999989,55.65,52.65464936736357,50.48753740264892,event_xy
5544225,4418,France,france,2226398669,3772.442,game_interruption,0,game_interruption,0,2226399008,13.68899999999985,105.0,12.92,49.29320518576943,event_xy
5544226,11944,Romania,romania,2226787039,198.597,opponent_on_ball,0,opponent_on_ball,0,2226786906,11.554999999999978,77.7,27.83673112992975,2.4965439084214722,event_xy
5544226,14496,Slovakia,slovakia,2226786913,246.054,game_interruption,0,game_interruption,0,2226787073,13.772999999999996,105.0,21.08,68.24646891095911,event_xy
5544226,14496,Slovakia,slovakia,2226787118,1104.368,opponent_on_ball,0,opponent_on_ball,0,2226787307,14.18600000000015,97.65,26.211602392833598,72.48337140020591,event_xy
5544226,11944,Romania,romania,2226787710,2534.6,game_interruption,1,shot,0,2226787728,9.383000000000266,91.35,14.694083843506549,35.70815046767612,event_xy
5544226,14496,Slovakia,slovakia,2226787667,3216.585,opponent_on_ball,0,opponent_on_ball,0,2226787962,10.942000000000007,91.35,15.90308460645293,28.34309601410743,event_xy
5544226,14496,Slovakia,slovakia,2226787759,3500.753,opponent_on_ball,0,opponent_on_ball,0,2226787977,10.291999999999916,96.6,18.962067397834026,50.752952653156164,event_xy
5544226,14496,Slovakia,slovakia,2226788069,4256.115,opponent_on_ball,0,opponent_on_ball,0,2226788169,5.72400000000016,97.65,7.47476421032797,15.463774993613654,event_xy
5544226,11944,Romania,romania,2226788322,4983.46,opponent_on_ball,0,opponent_on_ball,0,2226788261,9.546000000000276,91.35,26.265492571052235,55.44698581757112,event_xy
5544227,14622,Ukraine,ukraine,2226795422,18.558,opponent_on_ball,0,opponent_on_ball,0,2226795207,5.9830000000000005,101.85,16.62121836689477,30.158572721591,event_xy
5544227,5629,Belgium,belgium,2226796097,2802.378,opponent_on_ball,0,opponent_on_ball,0,2226796320,7.192000000000007,31.5,75.0070103390343,-30.502742277506314,event_xy
5544227,5629,Belgium,belgium,2226796172,3060.026,opponent_on_ball,0,opponent_on_ball,0,2226796483,14.018000000000029,95.55,9.547360891890493,58.890437700880724,event_xy
5544227,14622,Ukraine,ukraine,2226796626,3512.999,window_end,0,opponent_on_ball,0,2226796322,26.32300000000032,77.7,30.499999999999996,49.90269677379237,event_xy
5544227,5629,Belgium,belgium,2226796473,3979.154,opponent_on_ball,0,no_outcome_within_60s,1,,,,,,none
5544227,14622,Ukraine,ukraine,2226796791,4230.002,opponent_on_ball,0,opponent_on_ball,0,2226796540,13.902000000000044,89.25,16.897245337628263,55.70784544063768,event_xy
5544227,5629,Belgium,belgium,2226796549,4281.733,opponent_on_ball,0,opponent_on_ball,0,2226796815,18.032000000000153,93.45,15.409169348151117,65.19125505293097,event_xy
5544227,14622,Ukraine,ukraine,2226796835,4375.533,opponent_on_ball,0,opponent_on_ball,0,2226796619,18.48399999999947,96.6,14.289632605494099,83.81222184404486,event_xy
5544227,5629,Belgium,belgium,2226796790,5199.439,game_interruption,1,shot,0,2226796807,13.951999999999316,89.25,18.403611058702584,62.24192959466288,event_xy
5544229,15874,Georgia,georgia,2226908872,450.976,window_end,0,opponent_on_ball,0,2226908967,20.649,73.5,37.16353589205419,72.90252476649817,event_xy
5544229,15874,Georgia,georgia,2226909216,1734.921,opponent_on_ball,0,opponent_on_ball,0,2226909598,10.441000000000031,46.2,63.182073406940354,39.99263039574245,event_xy
5544229,9905,Portugal,portugal,2226909819,2362.983,opponent_on_ball,0,opponent_on_ball,0,2226909468,10.972999999999956,102.9,2.2073513539987184,25.441983876245033,event_xy
5544229,15874,Georgia,georgia,2226909477,2537.724,opponent_on_ball,0,opponent_on_ball,0,2226909923,18.67599999999993,68.25,46.963178129253556,36.96487934306179,event_xy
5544229,9905,Portugal,portugal,2226909959,2678.458,opponent_on_ball,0,opponent_on_ball,0,2226909508,4.766000000000076,33.599999999999994,71.94515689050932,-71.32644907660871,event_xy
5544229,15874,Georgia,georgia,2226909865,4189.429,opponent_on_ball,0,opponent_on_ball,0,2226910431,8.541000000000167,73.5,35.47664583919963,26.399708703403753,event_xy
5544229,15874,Georgia,georgia,2226909880,4257.119,game_interruption,1,shot,0,2226909889,11.373000000000502,90.3,18.288367887813283,42.54294607196225,event_xy
5544229,15874,Georgia,georgia,2226910811,4639.62,opponent_on_ball,0,opponent_on_ball,0,2226910524,15.442000000000007,95.55,12.05209110486641,41.281347470520494,event_xy
5544229,9905,Portugal,portugal,2226910579,4976.393,opponent_on_ball,0,opponent_on_ball,0,2226910072,9.180999999999585,53.55,56.97695060285344,20.061265015875087,event_xy
5544229,15874,Georgia,georgia,2226910120,5088.091,game_interruption,1,shot,0,2226910142,10.886999999999716,97.65,14.277258140133206,26.696578690248515,event_xy
5544230,3757,Italy,italy,2227943431,1041.068,window_end,0,no_outcome_within_60s,1,,,,,,none
5544230,3757,Italy,italy,2227943582,1505.789,window_end,0,opponent_on_ball,0,2227943467,21.309999999999945,76.65,28.48018433929106,60.144352047984846,event_xy
5544230,3757,Italy,italy,2227944235,3060.875,opponent_on_ball,0,opponent_on_ball,0,2227944034,9.391000000000076,94.5,10.846584715937087,23.690142084173544,event_xy
5544230,6697,Switzerland,switzerland,2227944480,4942.519,window_end,0,shot,0,2227944498,24.18199999999979,99.75,14.578151460318967,68.94956122170603,event_xy
5544230,6697,Switzerland,switzerland,2227944555,5207.623,opponent_on_ball,0,opponent_on_ball,0,2227944932,13.46600000000035,59.85,46.14274482516184,19.984793058790267,event_xy
5544231,3148,Germany,germany,2227991378,357.429,game_interruption,1,shot,0,2227991380,6.03000000000003,77.7,30.499999999999996,27.62837462727707,event_xy
5544231,3148,Germany,germany,2227992428,3493.585,game_interruption,1,shot,0,2227992440,11.09900000000016,94.5,12.509596316428441,37.34200135001295,event_xy
5544231,3148,Germany,germany,2227992445,3575.594,window_end,0,opponent_on_ball,0,2227992578,49.82099999999991,101.85,17.95842142283113,37.657111892519524,event_xy
5544231,7712,Denmark,denmark,2227992982,4867.147,window_end,0,shot,0,2227993012,53.753999999999905,79.8,26.28669625494996,7.975920851598673,event_xy
5544232,14496,Slovakia,slovakia,2228689414,571.338,opponent_on_ball,0,opponent_on_ball,0,2228689592,3.865000000000009,38.849999999999994,73.17281530732572,-0.49291838876862926,event_xy
5544232,14496,Slovakia,slovakia,2228689628,1159.058,opponent_on_ball,0,opponent_on_ball,0,2228689810,8.61200000000008,61.95,52.04113853481685,33.154629092422496,event_xy
5544232,2413,England,england,2228689902,1330.564,opponent_on_ball,0,opponent_on_ball,0,2228689706,3.8559999999999945,96.6,17.75301664506627,9.774348921335857,event_xy
5544232,2413,England,england,2228690441,3060.504,opponent_on_ball,1,shot,0,2228690448,6.405999999999949,90.3,16.49364726190057,0.6749878754929597,event_xy
5544232,2413,England,england,2228690603,3453.805,opponent_on_ball,0,opponent_on_ball,0,2228690348,16.18600000000015,68.25,41.70660499249489,52.2539009753452,event_xy
5544232,2413,England,england,2228690633,3715.308,opponent_on_ball,0,opponent_on_ball,0,2228691680,10.769999999999982,92.4,13.244108123992337,33.985509043194284,event_xy
5544232,2413,England,england,2228690642,3729.338,game_interruption,0,game_interruption,0,2228690440,16.99499999999989,91.35,36.63771963427855,6.242249743415655,event_xy
5544232,14496,Slovakia,slovakia,2228690524,4095.987,opponent_on_ball,0,opponent_on_ball,0,2228690705,11.865999999999985,56.7,57.54414305557083,39.63886505045615,event_xy
5544232,2413,England,england,2228690800,4544.992,opponent_on_ball,0,opponent_on_ball,0,2228690866,18.313999999999396,81.9,26.467648176594754,56.87141950825806,event_xy
5544232,14496,Slovakia,slovakia,2228693453,4577.472,opponent_on_ball,0,opponent_on_ball,0,2228690818,10.342000000000553,66.15,40.732543500252966,36.095098625062235,event_xy
5544232,2413,England,england,2228690842,4697.961,opponent_on_ball,0,opponent_on_ball,0,2228690989,15.505999999999403,101.85,3.1500000000000057,48.59910621903968,event_xy
5544232,14496,Slovakia,slovakia,2228691167,5122.08,opponent_on_ball,0,opponent_on_ball,0,2228690960,8.193000000000211,70.35,41.65521455952424,22.982872946698947,event_xy
5544232,2413,England,england,2228691308,6199.323,opponent_on_ball,0,opponent_on_ball,0,2228691643,14.635999999999513,94.5,11.5285558505825,57.82502384229848,event_xy
5544233,15874,Georgia,georgia,2228696501,1984.323,game_interruption,0,game_interruption,0,2228696512,10.458999999999833,105.0,17.0,32.27977117445154,event_xy
5544233,1598,Spain,spain,2228697071,4471.89,window_end,1,shot,0,2228697080,12.791999999999462,94.5,14.638647478507023,49.38302229489268,event_xy
5544234,5629,Belgium,belgium,2229413409,156.41899999999998,opponent_on_ball,0,opponent_on_ball,0,2229413233,14.205000000000013,94.5,31.068112269656808,69.50440331948238,event_xy
5544234,5629,Belgium,belgium,2229413431,220.295,game_interruption,0,game_interruption,0,2229413437,15.694000000000017,82.95,40.52409776910524,40.07080793931803,event_xy
5544234,5629,Belgium,belgium,2229414381,3133.958,opponent_on_ball,0,opponent_on_ball,0,2229414346,14.922000000000025,73.5,33.554189008229656,50.93997934129594,event_xy
5544234,5629,Belgium,belgium,2229415267,3618.178,opponent_on_ball,1,shot,0,2229414571,7.68100000000004,93.45,14.14171488893762,41.13225012476435,event_xy
5544234,4418,France,france,2229414578,3732.264,opponent_on_ball,0,opponent_on_ball,0,2229414617,11.673999999999978,93.45,18.366297939432428,38.403794839361716,event_xy
5544234,4418,France,france,2229414940,4846.259,window_end,0,no_outcome_within_60s,1,,,,,,none
5544234,4418,France,france,2229415024,5193.919,opponent_on_ball,0,opponent_on_ball,0,2229415131,10.875,64.05,42.04203729602076,34.37523957555909,event_xy
5544235,12046,Slovenia,slovenia,2229694142,505.301,opponent_on_ball,0,opponent_on_ball,0,2229694123,6.991000000000042,64.05,46.05723504510448,21.811410426659293,event_xy
5544235,12046,Slovenia,slovenia,2229694409,1296.887,opponent_on_ball,0,opponent_on_ball,0,2229694455,6.294000000000096,82.95,23.2841770307649,17.576722979721183,event_xy
5544235,12046,Slovenia,slovenia,2229694434,1318.173,opponent_on_ball,0,no_outcome_within_60s,1,,,,,,none
5544235,9905,Portugal,portugal,2229694682,1894.271,window_end,0,no_outcome_within_60s,1,,,,,,none
5544235,9905,Portugal,portugal,2229694723,2062.929,opponent_on_ball,0,opponent_on_ball,0,2229694668,9.838999999999942,98.7,15.607959507892119,31.343639131659756,event_xy
5544235,9905,Portugal,portugal,2229694762,2181.447,opponent_on_ball,0,opponent_on_ball,0,2229694696,17.561999999999898,80.85,32.50723150315942,76.66015894557356,event_xy
5544235,9905,Portugal,portugal,2229694867,2543.066,opponent_on_ball,0,opponent_on_ball,0,2229694773,9.274000000000342,98.7,25.27766603149903,31.335701296452825,event_xy
5544235,12046,Slovenia,slovenia,2229694770,2548.315,opponent_on_ball,0,opponent_on_ball,0,2229694873,8.237999999999829,47.25,61.02410097658138,33.931382359203006,event_xy
5544235,9905,Portugal,portugal,2229694883,2575.385,opponent_on_ball,0,opponent_on_ball,0,2229694803,22.381999999999607,63.0,44.14702707997448,42.53431950953507,event_xy
5544235,12046,Slovenia,slovenia,2229695016,3157.68,opponent_on_ball,0,opponent_on_ball,0,2229695186,9.706000000000131,94.5,11.264830225085507,58.158424142560776,event_xy
5544235,12046,Slovenia,slovenia,2229695171,3650.556,game_interruption,1,shot,0,2229695188,10.962999999999738,92.4,15.391738043508921,59.75449557250886,event_xy
5544235,9905,Portugal,portugal,2229695531,3903.496,opponent_on_ball,0,opponent_on_ball,0,2229695236,22.15000000000009,92.4,15.792099290467998,63.96424493455979,event_xy
5544235,9905,Portugal,portugal,2229695554,3941.182,opponent_on_ball,0,opponent_on_ball,0,2229695254,11.763000000000375,93.45,18.8998439146994,40.80840654266035,event_xy
5544235,12046,Slovenia,slovenia,2229695299,4133.544,opponent_on_ball,0,opponent_on_ball,0,2229695655,11.943000000000211,84.0,21.1754197124874,49.14470756790246,event_xy
5544235,12046,Slovenia,slovenia,2229695526,4976.927,opponent_on_ball,0,opponent_on_ball,0,2229695939,12.470000000000255,67.2,47.376297871404006,40.20648807740537,event_xy
5544235,9905,Portugal,portugal,2229696039,5328.549,window_end,1,shot,0,2229696051,7.242000000000189,95.55,11.642272115012604,39.760049954282124,event_xy
5544235,12046,Slovenia,slovenia,2229695834,5667.459,opponent_on_ball,1,shot,0,2229695836,3.610000000000582,80.85,26.487674492110482,3.985297950307711,event_xy
5544235,12046,Slovenia,slovenia,2229695853,5859.825,game_interruption,0,game_interruption,0,2229695860,10.570999999999913,57.75,58.21136057506301,30.109017747745476,event_xy
5544235,9905,Portugal,portugal,2229696365,6149.002,window_end,0,no_outcome_within_60s,1,,,,,,none
5544235,9905,Portugal,portugal,2229696409,6539.224,opponent_on_ball,0,opponent_on_ball,0,2229696011,7.8530000000000655,55.65,49.466983938784864,38.82496337083537,event_xy
5544235,12046,Slovenia,slovenia,2229696081,6757.028,opponent_on_ball,0,opponent_on_ball,0,2229696450,12.670999999999367,82.95,24.29490687366387,57.704766360632675,event_xy
5544236,11944,Romania,romania,2230067983,1394.337,game_interruption,1,shot,0,2230067991,13.769999999999982,92.4,12.618335864922912,19.050556309069435,event_xy
5544236,664,Netherlands,netherlands,2230068178,2976.184,game_interruption,1,shot,0,2230068187,14.043999999999869,98.7,8.78318848710421,26.90236669134599,event_xy
5544236,664,Netherlands,netherlands,2230068368,3700.54,game_interruption,1,shot,0,2230068378,11.791000000000167,80.85,25.958676776754245,28.54059905965574,event_xy
5544236,664,Netherlands,netherlands,2230068489,4128.068,opponent_on_ball,0,opponent_on_ball,0,2230068938,10.001000000000204,59.85,54.16390772460938,37.416871190593376,event_xy
5544236,664,Netherlands,netherlands,2230068498,4153.357,opponent_on_ball,0,opponent_on_ball,0,2230068943,11.582999999999629,78.75,29.882786014694148,25.26571296983301,event_xy
5544236,664,Netherlands,netherlands,2230068598,4784.591,opponent_on_ball,1,shot,0,2230068604,11.306999999999789,94.5,16.126611547377212,27.581508904586244,event_xy
5544237,4687,Türkiye,turkiye,2230121920,21.475,opponent_on_ball,0,opponent_on_ball,0,2230121887,5.873999999999999,32.55,77.38761205774475,-11.515564189840454,event_xy
5544237,4687,Türkiye,turkiye,2230122041,532.765,opponent_on_ball,0,opponent_on_ball,0,2230122075,7.822999999999979,18.900000000000006,89.51245946794224,-66.22817960665056,event_xy
5544237,4687,Türkiye,turkiye,2230122794,2705.805,opponent_on_ball,0,opponent_on_ball,0,2230122980,8.593000000000302,99.75,6.6489773649787685,84.84216151360116,event_xy
5544237,4687,Türkiye,turkiye,2230123020,3093.458,opponent_on_ball,0,opponent_on_ball,0,2230123193,8.665999999999713,47.25,63.83496299051171,-14.5583527956991,event_xy
5544237,9109,Austria,austria,2230123306,3342.646,opponent_on_ball,0,opponent_on_ball,0,2230123119,19.496999999999844,69.3,41.11751451632261,52.52451671213151,event_xy
5544237,9109,Austria,austria,2230123540,4033.288,opponent_on_ball,0,opponent_on_ball,0,2230123302,12.755999999999858,74.55,30.819800453604497,44.887452622611605,event_xy
5544237,9109,Austria,austria,2230123744,4548.385,opponent_on_ball,0,opponent_on_ball,0,2230123453,8.02099999999973,75.6,30.90291895598214,48.87417178783316,event_xy
5544237,4687,Türkiye,turkiye,2230123667,5265.141,window_end,0,shot,0,2230123693,26.57000000000062,97.65,14.277258140133206,93.48506945673789,event_xy
5544238,1598,Spain,spain,2231104429,26.161,opponent_on_ball,0,opponent_on_ball,0,2231105637,12.308999999999997,61.95,43.07147664057966,36.07818179164005,event_xy
5544238,1598,Spain,spain,2231104436,44.381,window_end,1,shot,0,2231104442,10.918999999999997,86.1,18.900000000000006,23.438303937468717,event_xy
5544238,1598,Spain,spain,2231104521,765.626,window_end,0,no_outcome_within_60s,1,,,,,,none
5544238,3148,Germany,germany,2231105743,925.893,window_end,0,opponent_on_ball,0,2231104558,20.741999999999962,97.65,18.5208666103938,62.689965511172346,event_xy
5544238,1598,Spain,spain,2231104558,946.635,window_end,0,shot,0,2231104563,24.427999999999997,82.95,22.144166274664755,78.04972619625592,event_xy
5544238,3148,Germany,germany,2231105796,1172.134,opponent_on_ball,0,opponent_on_ball,0,2231104586,6.263999999999896,91.35,13.717583606451983,25.128215611899364,event_xy
5544238,3148,Germany,germany,2231106001,2486.497,opponent_on_ball,0,opponent_on_ball,0,2231104802,13.805000000000291,94.5,16.126611547377212,63.85859503243728,event_xy
5544238,1598,Spain,spain,2231104811,2558.587,game_interruption,0,game_interruption,0,2231104816,13.922000000000025,96.6,35.02227862375605,38.45651772635016,event_xy
5544238,1598,Spain,spain,2231104943,3220.542,opponent_on_ball,0,opponent_on_ball,0,2231106121,7.594000000000051,82.95,22.88355086082577,33.529927884101234,event_xy
5544238,3148,Germany,germany,2231106172,3515.026,opponent_on_ball,0,opponent_on_ball,0,2231105013,16.76000000000022,96.6,11.247684206093275,52.617687506517754,event_xy
5544238,3148,Germany,germany,2231106190,3580.958,opponent_on_ball,1,shot,0,2231106193,5.173999999999978,77.7,27.83673112992975,-0.58177732881731,event_xy
5544238,3148,Germany,germany,2231106252,4047.253,opponent_on_ball,0,opponent_on_ball,0,2231105069,11.478000000000065,93.45,19.442533271155792,57.6984267231516,event_xy
5544238,3148,Germany,germany,2231106264,4116.071,window_end,0,shot,0,2231106280,28.298999999999978,84.0,21.39267164241063,66.27039057165653,event_xy
5544238,1598,Spain,spain,2231105136,4345.146,window_end,0,no_outcome_within_60s,1,,,,,,none
5544238,3148,Germany,germany,2231106429,5182.968,opponent_on_ball,0,opponent_on_ball,0,2231105251,9.751000000000204,98.7,7.158910531638173,24.386449988265483,event_xy
5544238,3148,Germany,germany,2231106516,5461.935,goal_kick,0,goal_kick,0,2231106477,5.402999999999338,0.0,105.01981527311882,-37.29719730714617,event_xy
5544238,3148,Germany,germany,2231106679,6473.848,game_interruption,1,shot,0,2231106688,15.175000000000182,91.35,18.794916866003962,50.923468280617584,event_xy
5544238,3148,Germany,germany,2231106725,6890.276,opponent_on_ball,0,opponent_on_ball,0,2231105571,12.045000000000073,65.1,42.61234093546142,58.21212453430128,event_xy
5544239,9905,Portugal,portugal,2231117252,1059.425,opponent_on_ball,0,opponent_on_ball,0,2231117377,17.077999999999975,91.35,15.90308460645293,75.61989379272566,event_xy
5544239,4418,France,france,2231117385,1149.565,opponent_on_ball,0,opponent_on_ball,0,2231117313,13.499000000000024,76.65,29.500984729327257,45.45055629396143,event_xy
5544239,4418,France,france,2231117418,1188.392,opponent_on_ball,0,opponent_on_ball,0,2231117340,14.230999999999995,78.75,26.46927464060925,35.40907567728551,event_xy
5544239,4418,France,france,2231117447,1257.496,opponent_on_ball,0,opponent_on_ball,0,2231117375,12.368999999999915,98.7,16.861186197892483,37.07585928555146,event_xy
5544239,4418,France,france,2231117753,1944.579,opponent_on_ball,0,opponent_on_ball,0,2231117550,17.491999999999962,95.55,12.940173878275365,57.220083238858344,event_xy
5544239,9905,Portugal,portugal,2231117754,2604.023,opponent_on_ball,0,opponent_on_ball,0,2231117932,12.723999999999705,56.7,56.112062874216264,45.10880005085646,event_xy
5544239,9905,Portugal,portugal,2231117985,3032.522,opponent_on_ball,0,opponent_on_ball,0,2231118099,13.30099999999993,97.65,22.967805728889296,62.50073044639495,event_xy
5544239,4418,France,france,2231118837,5230.435,window_end,1,shot,0,2231118855,14.830999999999221,81.9,23.457544628541147,55.35552611595226,event_xy
5544239,4418,France,france,2231118870,5283.7,window_end,0,opponent_on_ball,0,2231118744,20.98400000000038,93.45,14.14171488893762,73.57624978943564,event_xy
5544239,4418,France,france,2231119145,5772.091,window_end,0,shot,0,2231119167,20.040999999999258,91.35,18.794916866003962,67.65134976434403,event_xy
5544239,9905,Portugal,portugal,2231119296,6579.365,opponent_on_ball,0,opponent_on_ball,0,2231119407,27.36200000000008,94.5,17.72479619064772,47.415144047205985,event_xy
5544242,4418,France,france,2233292364,2758.727,opponent_on_ball,0,opponent_on_ball,0,2233292343,8.961999999999989,88.2,34.90845169869325,63.92468126691503,event_xy
5544242,4418,France,france,2233292509,3126.991,opponent_on_ball,0,opponent_on_ball,0,2233292507,7.88799999999992,97.65,12.027173400263251,27.079508198067515,event_xy
5544242,1598,Spain,spain,2233292565,3331.905,opponent_on_ball,0,opponent_on_ball,0,2233292610,10.328999999999724,86.1,23.68814893570201,62.966719132569,event_xy
5544242,4418,France,france,2233293463,3565.564,opponent_on_ball,0,opponent_on_ball,0,2233292649,8.585000000000036,103.95,2.2943626565998656,48.95837486726406,event_xy
5544242,4418,France,france,2233292906,4199.651,opponent_on_ball,0,opponent_on_ball,0,2233292858,10.502000000000407,93.45,18.8998439146994,47.669577869640364,event_xy
5544243,664,Netherlands,netherlands,2236457371,398.951,window_end,1,shot,0,2236457375,3.839999999999975,85.05,24.93600008020533,9.484573727405206,event_xy
5544243,2413,England,england,2236457500,640.319,window_end,0,opponent_on_ball,0,2236457416,57.230999999999995,99.75,5.423292357968544,37.874524688375416,event_xy
5544243,2413,England,england,2236457515,751.174,game_interruption,1,shot,0,2236457531,10.269000000000005,75.6,30.33661813716223,11.135494977978269,event_xy
5544243,664,Netherlands,netherlands,2236457683,1689.506,opponent_on_ball,1,shot,0,2236457689,6.709999999999809,90.3,17.892177061498135,35.18732880075454,event_xy
5544243,664,Netherlands,netherlands,2236458251,3341.062,opponent_on_ball,0,opponent_on_ball,0,2236458371,14.632000000000062,73.5,37.528788949285314,53.257939162629995,event_xy
5544243,664,Netherlands,netherlands,2236458370,3518.294,game_interruption,0,game_interruption,0,2236458383,11.684000000000196,60.9,55.68491716793696,42.536555289237256,event_xy
5544243,2413,England,england,2236458864,4693.334,opponent_on_ball,0,opponent_on_ball,0,2236458742,8.668999999999869,92.4,13.244108123992337,33.196364401316366,event_xy
5544244,1598,Spain,spain,2235712431,949.167,opponent_on_ball,0,opponent_on_ball,0,2235712375,7.9950000000000045,43.05,64.06360042957311,0.4767790450995122,event_xy
5544244,2413,England,england,2235713662,4435.395,opponent_on_ball,0,opponent_on_ball,0,2235713622,18.670999999999367,67.2,43.958999078686944,49.68766241053419,event_xy
