iteration,model,human_train_n,human_test_n,human_test_positive,human_test_negative,human_train_positive,human_train_negative,tp,fp,fn,tn,precision,recall,f1,accuracy,roc_auc,threshold,validation_f1,validation_precision,validation_recall,train_positive_rate,val_positive_rate
1,rule_definition,167,48,17,31,61,106,14,4,3,27,0.7777777777777778,0.8235294117647058,0.8,0.8541666666666666,0.8472485768500948,,,,,,
1,xgboost_baseline,167,48,17,31,61,106,14,4,3,27,0.7777777777777778,0.8235294117647058,0.8,0.8541666666666666,0.8842504743833017,0.76,0.875968992248062,0.8432835820895522,0.9112903225806451,0.07137784090909091,0.057594054807245706
1,hybrid_xgboost,167,48,17,31,61,106,15,6,2,25,0.7142857142857143,0.8823529411764706,0.7894736842105263,0.8333333333333334,0.9259962049335863,0.74,0.8715953307392996,0.8421052631578947,0.9032258064516129,0.07078598484848485,0.057594054807245706
2,rule_definition,167,48,17,31,61,106,13,5,4,26,0.7222222222222222,0.7647058823529411,0.7428571428571429,0.8125,0.8017077798861479,,,,,,
2,xgboost_baseline,167,48,17,31,61,106,14,7,3,24,0.6666666666666666,0.8235294117647058,0.7368421052631579,0.7916666666666666,0.8918406072106262,0.54,0.9357142857142857,0.9225352112676056,0.9492753623188406,0.07011904761904762,0.06269877328487052
2,hybrid_xgboost,167,48,17,31,61,106,15,7,2,24,0.6818181818181818,0.8823529411764706,0.7692307692307693,0.8125,0.8842504743833016,0.5,0.9314079422382672,0.9347826086956522,0.9280575539568345,0.0694047619047619,0.0631531122217174
3,rule_definition,167,48,17,31,61,106,11,5,6,26,0.6875,0.6470588235294118,0.6666666666666666,0.7708333333333334,0.7428842504743833,,,,,,
3,xgboost_baseline,167,48,17,31,61,106,12,4,5,27,0.75,0.7058823529411765,0.7272727272727273,0.8125,0.9013282732447817,0.68,0.9404388714733543,0.9259259259259259,0.9554140127388535,0.06824146981627296,0.07075259125732312
3,hybrid_xgboost,167,48,17,31,61,106,14,5,3,26,0.7368421052631579,0.8235294117647058,0.7777777777777778,0.8333333333333334,0.9203036053130931,0.58,0.9056603773584906,0.8727272727272727,0.9411764705882353,0.06788356000954426,0.06894997746732763
4,rule_definition,167,48,17,31,61,106,14,5,3,26,0.7368421052631579,0.8235294117647058,0.7777777777777778,0.8333333333333334,0.8311195445920304,,,,,,
4,xgboost_baseline,167,48,17,31,61,106,13,7,4,24,0.65,0.7647058823529411,0.7027027027027027,0.7708333333333334,0.8861480075901328,0.7,0.946031746031746,0.9197530864197531,0.9738562091503268,0.0684997011356844,0.0684257602862254
4,hybrid_xgboost,167,48,17,31,61,106,13,7,4,24,0.65,0.7647058823529411,0.7027027027027027,0.7708333333333334,0.8937381404174572,0.8,0.9250814332247557,0.9161290322580645,0.9342105263157895,0.06814106395696354,0.06797853309481217
5,rule_definition,167,48,17,31,61,106,14,7,3,24,0.6666666666666666,0.8235294117647058,0.7368421052631579,0.7916666666666666,0.7988614800759013,,,,,,
5,xgboost_baseline,167,48,17,31,61,106,15,5,2,26,0.75,0.8823529411764706,0.8108108108108109,0.8541666666666666,0.9278937381404175,0.84,0.9311475409836065,0.9342105263157895,0.9281045751633987,0.06743828983110901,0.07169634489222118
5,hybrid_xgboost,167,48,17,31,61,106,15,4,2,27,0.7894736842105263,0.8823529411764706,0.8333333333333334,0.875,0.9563567362428842,0.8,0.9013157894736842,0.9072847682119205,0.8954248366013072,0.06720207865832054,0.07169634489222118
6,rule_definition,167,48,17,31,61,106,11,9,6,22,0.55,0.6470588235294118,0.5945945945945946,0.6875,0.6783681214421253,,,,,,
6,xgboost_baseline,167,48,17,31,61,106,11,8,6,23,0.5789473684210527,0.6470588235294118,0.6111111111111112,0.7083333333333334,0.8026565464895635,0.82,0.9204152249134948,0.9172413793103448,0.9236111111111112,0.06804075418667291,0.06983511154219205
6,hybrid_xgboost,167,48,17,31,61,106,12,7,5,24,0.631578947368421,0.7058823529411765,0.6666666666666666,0.75,0.7798861480075902,0.8,0.9220338983050848,0.912751677852349,0.9315068493150684,0.06745520552757935,0.07080504364694472
7,rule_definition,167,48,17,31,61,106,12,6,5,25,0.6666666666666666,0.7058823529411765,0.6857142857142857,0.7708333333333334,0.7561669829222012,,,,,,
7,xgboost_baseline,167,48,17,31,61,106,12,12,5,19,0.5,0.7058823529411765,0.5853658536585366,0.6458333333333334,0.8083491461100569,0.6,0.9259259259259259,0.8992805755395683,0.9541984732824428,0.06997769167547259,0.0628598848368522
7,hybrid_xgboost,167,48,17,31,61,106,12,7,5,24,0.631578947368421,0.7058823529411765,0.6666666666666666,0.75,0.8462998102466793,0.76,0.8955223880597015,0.8823529411764706,0.9090909090909091,0.06927321826934367,0.06333973128598848
8,rule_definition,167,48,17,31,61,106,13,4,4,27,0.7647058823529411,0.7647058823529411,0.7647058823529411,0.8333333333333334,0.8178368121442124,,,,,,
8,xgboost_baseline,167,48,17,31,61,106,15,5,2,26,0.75,0.8823529411764706,0.8108108108108109,0.8541666666666666,0.8994307400379506,0.74,0.8872180451127819,0.8368794326241135,0.944,0.07099964676792653,0.059297912713472484
8,hybrid_xgboost,167,48,17,31,61,106,15,6,2,25,0.7142857142857143,0.8823529411764706,0.7894736842105263,0.8333333333333334,0.9222011385199241,0.58,0.8689138576779026,0.8055555555555556,0.943089430894309,0.0705286706699635,0.058349146110056926
9,rule_definition,167,48,17,31,61,106,12,8,5,23,0.6,0.7058823529411765,0.6486486486486487,0.7291666666666666,0.7239089184060722,,,,,,
9,xgboost_baseline,167,48,17,31,61,106,11,7,6,24,0.6111111111111112,0.6470588235294118,0.6285714285714286,0.7291666666666666,0.7893738140417458,0.9,0.9056603773584906,0.9448818897637795,0.8695652173913043,0.06901011051022807,0.06587112171837708
9,hybrid_xgboost,167,48,17,31,61,106,15,8,2,23,0.6521739130434783,0.8823529411764706,0.75,0.7916666666666666,0.8576850094876659,0.64,0.8719723183391004,0.8344370860927153,0.9130434782608695,0.06865741829296967,0.06587112171837708
10,rule_definition,167,48,17,31,61,106,10,9,7,22,0.5263157894736842,0.5882352941176471,0.5555555555555556,0.6666666666666666,0.648956356736243,,,,,,
10,xgboost_baseline,167,48,17,31,61,106,11,8,6,23,0.5789473684210527,0.6470588235294118,0.6111111111111112,0.7083333333333334,0.7362428842504743,0.62,0.9264305177111717,0.918918918918919,0.9340659340659341,0.06560540279787747,0.07882200086617583
10,hybrid_xgboost,167,48,17,31,61,106,12,8,5,23,0.6,0.7058823529411765,0.6486486486486487,0.7291666666666666,0.7741935483870968,0.44,0.9173333333333333,0.9052631578947369,0.9297297297297298,0.06476121562952243,0.08012126461671719
11,rule_definition,167,48,17,31,61,106,15,6,2,25,0.7142857142857143,0.8823529411764706,0.7894736842105263,0.8333333333333334,0.844402277039848,,,,,,
11,xgboost_baseline,167,48,17,31,61,106,14,6,3,25,0.7,0.8235294117647058,0.7567567567567568,0.8125,0.9146110056925996,0.9,0.8859060402684564,0.9166666666666666,0.8571428571428571,0.06814106395696354,0.06887298747763863
11,hybrid_xgboost,167,48,17,31,61,106,15,10,2,21,0.6,0.8823529411764706,0.7142857142857143,0.75,0.9146110056925996,0.6,0.8676923076923077,0.8245614035087719,0.9155844155844156,0.06790197250448296,0.06887298747763863
12,rule_definition,167,48,17,31,61,106,13,6,4,25,0.6842105263157895,0.7647058823529411,0.7222222222222222,0.7916666666666666,0.7855787476280834,,,,,,
12,xgboost_baseline,167,48,17,31,61,106,13,4,4,27,0.7647058823529411,0.7647058823529411,0.7647058823529411,0.8333333333333334,0.922201138519924,0.78,0.924924924924925,0.927710843373494,0.9221556886227545,0.06761006289308176,0.07158165452207459
12,hybrid_xgboost,167,48,17,31,61,106,15,7,2,24,0.6818181818181818,0.8823529411764706,0.7692307692307693,0.8125,0.9297912713472485,0.58,0.9054441260744985,0.8633879781420765,0.9518072289156626,0.06724721819061441,0.07115302186026576
13,rule_definition,167,48,17,31,61,106,12,6,5,25,0.6666666666666666,0.7058823529411765,0.6857142857142857,0.7708333333333334,0.7561669829222012,,,,,,
13,xgboost_baseline,167,48,17,31,61,106,12,8,5,23,0.6,0.7058823529411765,0.6486486486486487,0.7291666666666666,0.7969639468690702,0.72,0.8962655601659751,0.8780487804878049,0.9152542372881356,0.07078925956061839,0.05905905905905906
13,hybrid_xgboost,167,48,17,31,61,106,14,7,3,24,0.6666666666666666,0.8235294117647058,0.7368421052631579,0.7916666666666666,0.8387096774193548,0.52,0.8663967611336032,0.823076923076923,0.9145299145299145,0.07032430547483436,0.05855855855855856
14,rule_definition,167,48,17,31,61,106,14,7,3,24,0.6666666666666666,0.8235294117647058,0.7368421052631579,0.7916666666666666,0.7988614800759013,,,,,,
14,xgboost_baseline,167,48,17,31,61,106,14,8,3,23,0.6363636363636364,0.8235294117647058,0.717948717948718,0.7708333333333334,0.8956356736242884,0.68,0.9320987654320988,0.937888198757764,0.9263803680981595,0.06715345942063682,0.07254116599910992
14,hybrid_xgboost,167,48,17,31,61,106,15,4,2,27,0.7894736842105263,0.8823529411764706,0.8333333333333334,0.875,0.937381404174573,0.74,0.9056603773584906,0.9113924050632911,0.9,0.06727316255685899,0.07120605251446373
15,rule_definition,167,48,17,31,61,106,12,7,5,24,0.631578947368421,0.7058823529411765,0.6666666666666666,0.75,0.7400379506641367,,,,,,
15,xgboost_baseline,167,48,17,31,61,106,14,9,3,22,0.6086956521739131,0.8235294117647058,0.7,0.75,0.8880455407969639,0.58,0.9428571428571428,0.9116022099447514,0.9763313609467456,0.06697931697931699,0.07396061269146609
15,hybrid_xgboost,167,48,17,31,61,106,15,6,2,25,0.7142857142857143,0.8823529411764706,0.7894736842105263,0.8333333333333334,0.9259962049335863,0.6,0.9090909090909091,0.8757062146892656,0.9451219512195121,0.0670995670995671,0.07177242888402625
16,rule_definition,167,48,17,31,61,106,15,8,2,23,0.6521739130434783,0.8823529411764706,0.75,0.7916666666666666,0.8121442125237192,,,,,,
16,xgboost_baseline,167,48,17,31,61,106,13,8,4,23,0.6190476190476191,0.7647058823529411,0.6842105263157895,0.75,0.8785578747628083,0.84,0.9069767441860465,0.9140625,0.9,0.0695570438256374,0.06220095693779904
16,hybrid_xgboost,167,48,17,31,61,106,15,4,2,27,0.7894736842105263,0.8823529411764706,0.8333333333333334,0.875,0.9240986717267552,0.8,0.8888888888888888,0.8818897637795275,0.896,0.07014451885794853,0.05980861244019139
17,rule_definition,167,48,17,31,61,106,12,8,5,23,0.6,0.7058823529411765,0.6486486486486487,0.7291666666666666,0.7239089184060722,,,,,,
17,xgboost_baseline,167,48,17,31,61,106,11,7,6,24,0.6111111111111112,0.6470588235294118,0.6285714285714286,0.7291666666666666,0.810246679316888,0.72,0.9096989966555183,0.9006622516556292,0.918918918918919,0.06803442990213418,0.06981132075471698
17,hybrid_xgboost,167,48,17,31,61,106,14,8,3,23,0.6363636363636364,0.8235294117647058,0.717948717948718,0.7708333333333334,0.8557874762808348,0.7,0.9010238907849829,0.8979591836734694,0.9041095890410958,0.06791651927838699,0.06886792452830189
18,rule_definition,167,48,17,31,61,106,14,5,3,26,0.7368421052631579,0.8235294117647058,0.7777777777777778,0.8333333333333334,0.8311195445920304,,,,,,
18,xgboost_baseline,167,48,17,31,61,106,14,4,3,27,0.7777777777777778,0.8235294117647058,0.8,0.8541666666666666,0.9487666034155597,0.72,0.924924924924925,0.9221556886227545,0.927710843373494,0.06796941376380629,0.07027942421676546
18,hybrid_xgboost,167,48,17,31,61,106,16,7,1,24,0.6956521739130435,0.9411764705882353,0.8,0.8333333333333334,0.9696394686907022,0.66,0.9,0.864406779661017,0.9386503067484663,0.06784803981065664,0.06900931414055884
19,rule_definition,167,48,17,31,61,106,11,6,6,25,0.6470588235294118,0.6470588235294118,0.6470588235294118,0.75,0.7267552182163187,,,,,,
19,xgboost_baseline,167,48,17,31,61,106,13,9,4,22,0.5909090909090909,0.7647058823529411,0.6666666666666666,0.7291666666666666,0.8614800759013282,0.64,0.9329268292682927,0.9161676646706587,0.9503105590062112,0.06718009478672986,0.07450254511800093
19,hybrid_xgboost,167,48,17,31,61,106,13,3,4,28,0.8125,0.7647058823529411,0.7878787878787878,0.8541666666666666,0.8918406072106261,0.76,0.9221183800623053,0.9079754601226994,0.9367088607594937,0.06682464454976303,0.07311429893567793
20,rule_definition,167,48,17,31,61,106,13,6,4,25,0.6842105263157895,0.7647058823529411,0.7222222222222222,0.7916666666666666,0.7855787476280834,,,,,,
20,xgboost_baseline,167,48,17,31,61,106,12,9,5,22,0.5714285714285714,0.7058823529411765,0.631578947368421,0.7083333333333334,0.8462998102466793,0.52,0.9375,0.9202453987730062,0.9554140127388535,0.06841409161957436,0.06873905429071804
20,hybrid_xgboost,167,48,17,31,61,106,15,10,2,21,0.6,0.8823529411764706,0.7142857142857143,0.75,0.8842504743833017,0.5,0.9292307692307692,0.9151515151515152,0.94375,0.06757244198629314,0.07005253940455342
21,rule_definition,167,48,17,31,61,106,15,6,2,25,0.7142857142857143,0.8823529411764706,0.7894736842105263,0.8333333333333334,0.844402277039848,,,,,,
21,xgboost_baseline,167,48,17,31,61,106,13,9,4,22,0.5909090909090909,0.7647058823529411,0.6666666666666666,0.7291666666666666,0.8406072106261859,0.86,0.9325513196480938,0.9352941176470588,0.9298245614035088,0.06755436110432446,0.07080745341614907
21,hybrid_xgboost,167,48,17,31,61,106,14,13,3,18,0.5185185185185185,0.8235294117647058,0.6363636363636364,0.6666666666666666,0.8481973434535104,0.56,0.8961748633879781,0.841025641025641,0.9590643274853801,0.0673100415343269,0.07080745341614907
22,rule_definition,167,48,17,31,61,106,12,5,5,26,0.7058823529411765,0.7058823529411765,0.7058823529411765,0.7916666666666666,0.7722960151802657,,,,,,
22,xgboost_baseline,167,48,17,31,61,106,12,5,5,26,0.7058823529411765,0.7058823529411765,0.7058823529411765,0.7916666666666666,0.9108159392789373,0.82,0.9290322580645162,0.9,0.96,0.0697477977555207,0.06482281763180639
22,hybrid_xgboost,167,48,17,31,61,106,13,6,4,25,0.6842105263157895,0.7647058823529411,0.7222222222222222,0.7916666666666666,0.9240986717267552,0.6,0.9118541033434651,0.8771929824561403,0.9493670886075949,0.06805840473030048,0.0682800345721694
23,rule_definition,167,48,17,31,61,106,13,6,4,25,0.6842105263157895,0.7647058823529411,0.7222222222222222,0.7916666666666666,0.7855787476280834,,,,,,
23,xgboost_baseline,167,48,17,31,61,106,14,8,3,23,0.6363636363636364,0.8235294117647058,0.717948717948718,0.7708333333333334,0.8614800759013282,0.54,0.9061224489795918,0.8951612903225806,0.9173553719008265,0.06978890298765716,0.06262939958592133
23,hybrid_xgboost,167,48,17,31,61,106,14,5,3,26,0.7368421052631579,0.8235294117647058,0.7777777777777778,0.8333333333333334,0.8747628083491461,0.68,0.9008264462809917,0.8934426229508197,0.9083333333333333,0.06944284231168532,0.062111801242236024
24,rule_definition,167,48,17,31,61,106,14,4,3,27,0.7777777777777778,0.8235294117647058,0.8,0.8541666666666666,0.8472485768500948,,,,,,
24,xgboost_baseline,167,48,17,31,61,106,14,6,3,25,0.7,0.8235294117647058,0.7567567567567568,0.8125,0.888045540796964,0.74,0.9149560117302052,0.8914285714285715,0.9397590361445783,0.06797528171573973,0.0706984667802385
24,hybrid_xgboost,167,48,17,31,61,106,14,5,3,26,0.7368421052631579,0.8235294117647058,0.7777777777777778,0.8333333333333334,0.9108159392789374,0.82,0.9171597633136095,0.9064327485380117,0.9281437125748503,0.06724827335514358,0.07112436115843271
25,rule_definition,167,48,17,31,61,106,12,6,5,25,0.6666666666666666,0.7058823529411765,0.6857142857142857,0.7708333333333334,0.7561669829222012,,,,,,
25,xgboost_baseline,167,48,17,31,61,106,11,10,6,21,0.5238095238095238,0.6470588235294118,0.5789473684210527,0.6666666666666666,0.7817836812144212,0.68,0.9032258064516129,0.8873239436619719,0.9197080291970803,0.07059949742730645,0.06105169340463458
25,hybrid_xgboost,167,48,17,31,61,106,13,8,4,23,0.6190476190476191,0.7647058823529411,0.6842105263157895,0.75,0.8444022770398483,0.74,0.9025270758122743,0.8928571428571429,0.9124087591240876,0.07000119660165131,0.06105169340463458
26,rule_definition,167,48,17,31,61,106,11,7,6,24,0.6111111111111112,0.6470588235294118,0.6285714285714286,0.7291666666666666,0.7106261859582543,,,,,,
26,xgboost_baseline,167,48,17,31,61,106,9,7,8,24,0.5625,0.5294117647058824,0.5454545454545454,0.6875,0.74573055028463,0.86,0.918918918918919,0.9066666666666666,0.9315068493150684,0.0681924882629108,0.07015857760691975
26,hybrid_xgboost,167,48,17,31,61,106,9,6,8,25,0.6,0.5294117647058824,0.5625,0.7083333333333334,0.7988614800759014,0.86,0.8819444444444444,0.8698630136986302,0.8943661971830986,0.06807511737089202,0.06823642479577126
27,rule_definition,167,48,17,31,61,106,11,5,6,26,0.6875,0.6470588235294118,0.6666666666666666,0.7708333333333334,0.7428842504743833,,,,,,
27,xgboost_baseline,167,48,17,31,61,106,9,7,8,24,0.5625,0.5294117647058824,0.5454545454545454,0.6875,0.8159392789373814,0.66,0.926829268292683,0.8976377952755905,0.957983193277311,0.07162987317989666,0.05707434052757794
27,hybrid_xgboost,167,48,17,31,61,106,14,7,3,24,0.6666666666666666,0.8235294117647058,0.7368421052631579,0.7916666666666666,0.8880455407969639,0.54,0.8852459016393442,0.864,0.907563025210084,0.07080789102865195,0.05707434052757794
28,rule_definition,167,48,17,31,61,106,10,6,7,25,0.625,0.5882352941176471,0.6060606060606061,0.7291666666666666,0.6973434535104364,,,,,,
28,xgboost_baseline,167,48,17,31,61,106,10,9,7,22,0.5263157894736842,0.5882352941176471,0.5555555555555556,0.6666666666666666,0.8045540796963947,0.72,0.9370629370629371,0.9115646258503401,0.9640287769784173,0.06962473448194477,0.06535025858015985
28,hybrid_xgboost,167,48,17,31,61,106,14,4,3,27,0.7777777777777778,0.8235294117647058,0.8,0.8541666666666666,0.8937381404174574,0.7,0.9198606271777003,0.9041095890410958,0.9361702127659575,0.06856266226103375,0.06629055007052186
29,rule_definition,167,48,17,31,61,106,11,7,6,24,0.6111111111111112,0.6470588235294118,0.6285714285714286,0.7291666666666666,0.7106261859582543,,,,,,
29,xgboost_baseline,167,48,17,31,61,106,11,7,6,24,0.6111111111111112,0.6470588235294118,0.6285714285714286,0.7291666666666666,0.8140417457305502,0.88,0.8956228956228957,0.869281045751634,0.9236111111111112,0.07030025322561197,0.06239168110918544
29,hybrid_xgboost,167,48,17,31,61,106,12,5,5,26,0.7058823529411765,0.7058823529411765,0.7058823529411765,0.7916666666666666,0.8462998102466792,0.88,0.8958333333333334,0.8896551724137931,0.9020979020979021,0.06981791872663692,0.06195840554592721
30,rule_definition,167,48,17,31,61,106,11,12,6,19,0.4782608695652174,0.6470588235294118,0.55,0.625,0.6299810246679317,,,,,,
30,xgboost_baseline,167,48,17,31,61,106,12,13,5,18,0.48,0.7058823529411765,0.5714285714285714,0.625,0.7400379506641367,0.42,0.9424083769633508,0.9230769230769231,0.9625668449197861,0.06454337073229581,0.08088235294117647
30,hybrid_xgboost,167,48,17,31,61,106,12,8,5,23,0.6,0.7058823529411765,0.6486486486486487,0.7291666666666666,0.7836812144212524,0.78,0.9354838709677419,0.9508196721311475,0.9206349206349206,0.06430208710339004,0.08174740484429066
31,rule_definition,167,48,17,31,61,106,14,7,3,24,0.6666666666666666,0.8235294117647058,0.7368421052631579,0.7916666666666666,0.7988614800759013,,,,,,
31,xgboost_baseline,167,48,17,31,61,106,14,6,3,25,0.7,0.8235294117647058,0.7567567567567568,0.8125,0.8842504743833017,0.78,0.8888888888888888,0.8333333333333334,0.9523809523809523,0.06823557237464523,0.06853146853146853
31,hybrid_xgboost,167,48,17,31,61,106,15,3,2,28,0.8333333333333334,0.8823529411764706,0.8571428571428571,0.8958333333333334,0.9070208728652752,0.78,0.86875,0.8128654970760234,0.9328859060402684,0.06776253547776727,0.06946386946386947
32,rule_definition,167,48,17,31,61,106,13,5,4,26,0.7222222222222222,0.7647058823529411,0.7428571428571429,0.8125,0.8017077798861479,,,,,,
32,xgboost_baseline,167,48,17,31,61,106,14,11,3,20,0.56,0.8235294117647058,0.6666666666666666,0.7083333333333334,0.8766603415559773,0.54,0.9396825396825397,0.9135802469135802,0.9673202614379085,0.06961795027289266,0.06494057724957555
32,hybrid_xgboost,167,48,17,31,61,106,15,9,2,22,0.625,0.8823529411764706,0.7317073170731707,0.7708333333333334,0.9392789373814041,0.64,0.9164086687306502,0.8809523809523809,0.9548387096774194,0.0687689508793208,0.06578947368421052
33,rule_definition,167,48,17,31,61,106,13,7,4,24,0.65,0.7647058823529411,0.7027027027027027,0.7708333333333334,0.7694497153700189,,,,,,
33,xgboost_baseline,167,48,17,31,61,106,13,8,4,23,0.6190476190476191,0.7647058823529411,0.6842105263157895,0.75,0.8519924098671726,0.86,0.891156462585034,0.8733333333333333,0.9097222222222222,0.06922435362802336,0.06521739130434782
33,hybrid_xgboost,167,48,17,31,61,106,15,14,2,17,0.5172413793103449,0.8823529411764706,0.6521739130434783,0.6666666666666666,0.8918406072106262,0.6,0.8774193548387097,0.8192771084337349,0.9444444444444444,0.06886691290361015,0.06521739130434782
34,rule_definition,167,48,17,31,61,106,11,6,6,25,0.6470588235294118,0.6470588235294118,0.6470588235294118,0.75,0.7267552182163187,,,,,,
34,xgboost_baseline,167,48,17,31,61,106,13,11,4,20,0.5416666666666666,0.7647058823529411,0.6341463414634146,0.6875,0.8216318785578749,0.52,0.9072164948453608,0.8627450980392157,0.9565217391304348,0.0704141305645065,0.062106210621062106
34,hybrid_xgboost,167,48,17,31,61,106,13,5,4,26,0.7222222222222222,0.7647058823529411,0.7428571428571429,0.8125,0.8614800759013281,0.72,0.8928571428571429,0.8928571428571429,0.8928571428571429,0.0694593626924454,0.063006300630063
35,rule_definition,167,48,17,31,61,106,13,5,4,26,0.7222222222222222,0.7647058823529411,0.7428571428571429,0.8125,0.8017077798861479,,,,,,
35,xgboost_baseline,167,48,17,31,61,106,11,6,6,25,0.6470588235294118,0.6470588235294118,0.6470588235294118,0.75,0.8652751423149905,0.9,0.9068825910931174,0.9105691056910569,0.9032258064516129,0.0697513013302487,0.06339468302658487
35,hybrid_xgboost,167,48,17,31,61,106,14,7,3,24,0.6666666666666666,0.8235294117647058,0.7368421052631579,0.7916666666666666,0.8519924098671727,0.6,0.8787878787878788,0.8285714285714286,0.9354838709677419,0.06917293233082707,0.06339468302658487
36,rule_definition,167,48,17,31,61,106,14,4,3,27,0.7777777777777778,0.8235294117647058,0.8,0.8541666666666666,0.8472485768500948,,,,,,
36,xgboost_baseline,167,48,17,31,61,106,13,2,4,29,0.8666666666666667,0.7647058823529411,0.8125,0.875,0.9449715370018975,0.84,0.9333333333333333,0.9459459459459459,0.9210526315789473,0.06873879258816497,0.06797853309481217
36,hybrid_xgboost,167,48,17,31,61,106,15,1,2,30,0.9375,0.8823529411764706,0.9090909090909091,0.9375,0.9639468690702088,0.74,0.9003215434083601,0.8974358974358975,0.9032258064516129,0.06778242677824267,0.06932021466905187
37,rule_definition,167,48,17,31,61,106,11,7,6,24,0.6111111111111112,0.6470588235294118,0.6285714285714286,0.7291666666666666,0.7106261859582543,,,,,,
37,xgboost_baseline,167,48,17,31,61,106,12,9,5,22,0.5714285714285714,0.7058823529411765,0.631578947368421,0.7083333333333334,0.7760910815939278,0.84,0.9253731343283582,0.8985507246376812,0.9538461538461539,0.06982456140350878,0.06338371526084836
37,hybrid_xgboost,167,48,17,31,61,106,10,7,7,24,0.5882352941176471,0.5882352941176471,0.5882352941176471,0.7083333333333334,0.7969639468690701,0.88,0.8897338403041825,0.8731343283582089,0.9069767441860465,0.06935672514619882,0.0628961482203803
38,rule_definition,167,48,17,31,61,106,11,6,6,25,0.6470588235294118,0.6470588235294118,0.6470588235294118,0.75,0.7267552182163187,,,,,,
38,xgboost_baseline,167,48,17,31,61,106,11,5,6,26,0.6875,0.6470588235294118,0.6666666666666666,0.7708333333333334,0.8519924098671726,0.82,0.9010989010989011,0.9111111111111111,0.8913043478260869,0.06883677517209194,0.06798029556650247
38,hybrid_xgboost,167,48,17,31,61,106,13,6,4,25,0.6842105263157895,0.7647058823529411,0.7222222222222222,0.7916666666666666,0.8861480075901328,0.72,0.9032258064516129,0.8873239436619719,0.9197080291970803,0.06825341267063353,0.06748768472906404
39,rule_definition,167,48,17,31,61,106,14,10,3,21,0.5833333333333334,0.8235294117647058,0.6829268292682927,0.7291666666666666,0.7504743833017078,,,,,,
39,xgboost_baseline,167,48,17,31,61,106,13,14,4,17,0.48148148148148145,0.7647058823529411,0.5909090909090909,0.625,0.8083491461100569,0.42,0.9164265129682997,0.8688524590163934,0.9695121951219512,0.06604221010196823,0.07568066451315182
39,hybrid_xgboost,167,48,17,31,61,106,13,12,4,19,0.52,0.7647058823529411,0.6190476190476191,0.6666666666666666,0.8197343453510437,0.44,0.896551724137931,0.8432432432432433,0.9570552147239264,0.06627934550628409,0.07521919704660822
40,rule_definition,167,48,17,31,61,106,11,7,6,24,0.6111111111111112,0.6470588235294118,0.6285714285714286,0.7291666666666666,0.7106261859582543,,,,,,
40,xgboost_baseline,167,48,17,31,61,106,12,6,5,25,0.6666666666666666,0.7058823529411765,0.6857142857142857,0.7708333333333334,0.8406072106261859,0.72,0.9364548494983278,0.9395973154362416,0.9333333333333333,0.06898613103778097,0.06705409029950828
40,hybrid_xgboost,167,48,17,31,61,106,12,3,5,28,0.8,0.7058823529411765,0.75,0.8333333333333334,0.855787476280835,0.72,0.9108910891089109,0.9324324324324325,0.8903225806451613,0.06779053084648494,0.06928922664282522
41,rule_definition,167,48,17,31,61,106,10,6,7,25,0.625,0.5882352941176471,0.6060606060606061,0.7291666666666666,0.6973434535104364,,,,,,
41,xgboost_baseline,167,48,17,31,61,106,10,8,7,23,0.5555555555555556,0.5882352941176471,0.5714285714285714,0.6875,0.7817836812144213,0.76,0.9177215189873418,0.9177215189873418,0.9177215189873418,0.06762198010421601,0.07324988409828466
41,hybrid_xgboost,167,48,17,31,61,106,12,6,5,25,0.6666666666666666,0.7058823529411765,0.6857142857142857,0.7708333333333334,0.8216318785578748,0.74,0.9032258064516129,0.8974358974358975,0.9090909090909091,0.06726669824727617,0.07139545665275845
42,rule_definition,167,48,17,31,61,106,11,9,6,22,0.55,0.6470588235294118,0.5945945945945946,0.6875,0.6783681214421253,,,,,,
42,xgboost_baseline,167,48,17,31,61,106,11,9,6,22,0.55,0.6470588235294118,0.5945945945945946,0.6875,0.7950664136622392,0.86,0.8973384030418251,0.8939393939393939,0.9007633587786259,0.07057984790874525,0.05995423340961099
42,hybrid_xgboost,167,48,17,31,61,106,11,10,6,21,0.5238095238095238,0.6470588235294118,0.5789473684210527,0.6666666666666666,0.8292220113851992,0.74,0.8478260869565217,0.7905405405405406,0.9140625,0.07057984790874525,0.058581235697940506
43,rule_definition,167,48,17,31,61,106,12,4,5,27,0.75,0.7058823529411765,0.7272727272727273,0.8125,0.7884250474383302,,,,,,
43,xgboost_baseline,167,48,17,31,61,106,12,8,5,23,0.6,0.7058823529411765,0.6486486486486487,0.7291666666666666,0.8671726755218216,0.7,0.9316770186335404,0.9036144578313253,0.9615384615384616,0.06814938154138915,0.07113543091655267
43,hybrid_xgboost,167,48,17,31,61,106,14,6,3,25,0.7,0.8235294117647058,0.7567567567567568,0.8125,0.9259962049335863,0.76,0.9240506329113924,0.906832298136646,0.9419354838709677,0.06743577545195052,0.07067943456452348
44,rule_definition,167,48,17,31,61,106,15,9,2,22,0.625,0.8823529411764706,0.7317073170731707,0.7708333333333334,0.7960151802656547,,,,,,
44,xgboost_baseline,167,48,17,31,61,106,16,10,1,21,0.6153846153846154,0.9411764705882353,0.7441860465116279,0.7708333333333334,0.8937381404174572,0.72,0.9128919860627178,0.903448275862069,0.9225352112676056,0.06806959793087232,0.06778042959427208
44,hybrid_xgboost,167,48,17,31,61,106,17,8,0,23,0.68,1.0,0.8095238095238095,0.8333333333333334,0.9373814041745729,0.74,0.9014084507042254,0.920863309352518,0.8827586206896552,0.06783446978603339,0.06921241050119331
45,rule_definition,167,48,17,31,61,106,11,4,6,27,0.7333333333333333,0.6470588235294118,0.6875,0.7916666666666666,0.7590132827324478,,,,,,
45,xgboost_baseline,167,48,17,31,61,106,12,8,5,23,0.6,0.7058823529411765,0.6486486486486487,0.7291666666666666,0.8368121442125236,0.52,0.9461756373937678,0.9175824175824175,0.9766081871345029,0.06720365472469343,0.07490144546649145
45,hybrid_xgboost,167,48,17,31,61,106,14,5,3,26,0.7368421052631579,0.8235294117647058,0.7777777777777778,0.8333333333333334,0.8956356736242883,0.8,0.9281437125748503,0.9393939393939394,0.9171597633136095,0.06648232748256792,0.07402540516863776
46,rule_definition,167,48,17,31,61,106,13,4,4,27,0.7647058823529411,0.7647058823529411,0.7647058823529411,0.8333333333333334,0.8178368121442124,,,,,,
46,xgboost_baseline,167,48,17,31,61,106,14,8,3,23,0.6363636363636364,0.8235294117647058,0.717948717948718,0.7708333333333334,0.8975332068311196,0.64,0.9311475409836065,0.8987341772151899,0.9659863945578231,0.06929039952295767,0.06633574007220217
46,hybrid_xgboost,167,48,17,31,61,106,16,5,1,26,0.7619047619047619,0.9411764705882353,0.8421052631578947,0.875,0.954459203036053,0.68,0.89419795221843,0.8733333333333333,0.916083916083916,0.06905187835420394,0.06453068592057762
47,rule_definition,167,48,17,31,61,106,12,7,5,24,0.631578947368421,0.7058823529411765,0.6666666666666666,0.75,0.7400379506641367,,,,,,
47,xgboost_baseline,167,48,17,31,61,106,11,6,6,25,0.6470588235294118,0.6470588235294118,0.6470588235294118,0.75,0.8481973434535104,0.82,0.9260700389105059,0.9224806201550387,0.9296875,0.07022076092062,0.06139088729016787
47,hybrid_xgboost,167,48,17,31,61,106,14,5,3,26,0.7368421052631579,0.8235294117647058,0.7777777777777778,0.8333333333333334,0.9032258064516129,0.62,0.8872180451127819,0.8613138686131386,0.9147286821705426,0.06963363081258807,0.0618705035971223
48,rule_definition,167,48,17,31,61,106,12,10,5,21,0.5454545454545454,0.7058823529411765,0.6153846153846154,0.6875,0.6916508538899432,,,,,,
48,xgboost_baseline,167,48,17,31,61,106,11,9,6,22,0.55,0.6470588235294118,0.5945945945945946,0.6875,0.8007590132827325,0.76,0.9248554913294798,0.9248554913294798,0.9248554913294798,0.0655307994757536,0.07835144927536232
48,hybrid_xgboost,167,48,17,31,61,106,12,7,5,24,0.631578947368421,0.7058823529411765,0.6666666666666666,0.75,0.8026565464895635,0.72,0.8979591836734694,0.8953488372093024,0.9005847953216374,0.06564994638389134,0.07744565217391304
49,rule_definition,167,48,17,31,61,106,13,4,4,27,0.7647058823529411,0.7647058823529411,0.7647058823529411,0.8333333333333334,0.8178368121442124,,,,,,
49,xgboost_baseline,167,48,17,31,61,106,12,3,5,28,0.8,0.7058823529411765,0.75,0.8333333333333334,0.9089184060721063,0.78,0.9317269076305221,0.928,0.9354838709677419,0.0706267539756782,0.06051732552464617
49,hybrid_xgboost,167,48,17,31,61,106,16,8,1,23,0.6666666666666666,0.9411764705882353,0.7804878048780488,0.8125,0.935483870967742,0.36,0.9272030651340997,0.8832116788321168,0.9758064516129032,0.06992516370439664,0.06051732552464617
50,rule_definition,167,48,17,31,61,106,11,3,6,28,0.7857142857142857,0.6470588235294118,0.7096774193548387,0.8125,0.7751423149905123,,,,,,
50,xgboost_baseline,167,48,17,31,61,106,12,8,5,23,0.6,0.7058823529411765,0.6486486486486487,0.7291666666666666,0.825426944971537,0.76,0.9210526315789473,0.89171974522293,0.9523809523809523,0.06896551724137931,0.06891701828410689
50,hybrid_xgboost,167,48,17,31,61,106,13,7,4,24,0.65,0.7647058823529411,0.7027027027027027,0.7708333333333334,0.888045540796964,0.7,0.9006622516556292,0.8607594936708861,0.9444444444444444,0.0682569674067076,0.06751054852320675
51,rule_definition,167,48,17,31,61,106,13,6,4,25,0.6842105263157895,0.7647058823529411,0.7222222222222222,0.7916666666666666,0.7855787476280834,,,,,,
51,xgboost_baseline,167,48,17,31,61,106,12,10,5,21,0.5454545454545454,0.7058823529411765,0.6153846153846154,0.6875,0.8178368121442126,0.56,0.9363057324840764,0.9245283018867925,0.9483870967741935,0.06819538994386719,0.06956912028725314
51,hybrid_xgboost,167,48,17,31,61,106,13,6,4,25,0.6842105263157895,0.7647058823529411,0.7222222222222222,0.7916666666666666,0.8349146110056926,0.72,0.9266666666666666,0.9328859060402684,0.9205298013245033,0.06819538994386719,0.0677737881508079
52,rule_definition,167,48,17,31,61,106,12,7,5,24,0.631578947368421,0.7058823529411765,0.6666666666666666,0.75,0.7400379506641367,,,,,,
52,xgboost_baseline,167,48,17,31,61,106,10,6,7,25,0.625,0.5882352941176471,0.6060606060606061,0.7291666666666666,0.8197343453510436,0.78,0.9252669039145908,0.9285714285714286,0.9219858156028369,0.0687265037593985,0.06749640976543801
52,hybrid_xgboost,167,48,17,31,61,106,13,3,4,28,0.8125,0.7647058823529411,0.7878787878787878,0.8541666666666666,0.8652751423149905,0.82,0.8978102189781022,0.8978102189781022,0.8978102189781022,0.0687265037593985,0.06558161799904261
53,rule_definition,167,48,17,31,61,106,13,7,4,24,0.65,0.7647058823529411,0.7027027027027027,0.7708333333333334,0.7694497153700189,,,,,,
53,xgboost_baseline,167,48,17,31,61,106,14,7,3,24,0.6666666666666666,0.8235294117647058,0.7368421052631579,0.7916666666666666,0.8918406072106262,0.54,0.919093851132686,0.8819875776397516,0.9594594594594594,0.06822750384297033,0.06902985074626866
53,hybrid_xgboost,167,48,17,31,61,106,14,7,3,24,0.6666666666666666,0.8235294117647058,0.7368421052631579,0.7916666666666666,0.9297912713472485,0.54,0.9102564102564102,0.8765432098765432,0.9466666666666667,0.067636277639825,0.06996268656716417
54,rule_definition,167,48,17,31,61,106,12,5,5,26,0.7058823529411765,0.7058823529411765,0.7058823529411765,0.7916666666666666,0.7722960151802657,,,,,,
54,xgboost_baseline,167,48,17,31,61,106,11,5,6,26,0.6875,0.6470588235294118,0.6666666666666666,0.7708333333333334,0.8444022770398482,0.9,0.9148264984227129,0.9354838709677419,0.8950617283950617,0.06773575873623744,0.07216035634743875
54,hybrid_xgboost,167,48,17,31,61,106,14,5,3,26,0.7368421052631579,0.8235294117647058,0.7777777777777778,0.8333333333333334,0.9032258064516129,0.78,0.8909090909090909,0.8647058823529412,0.91875,0.06725706079463858,0.07126948775055679
55,rule_definition,167,48,17,31,61,106,12,5,5,26,0.7058823529411765,0.7058823529411765,0.7058823529411765,0.7916666666666666,0.7722960151802657,,,,,,
55,xgboost_baseline,167,48,17,31,61,106,11,9,6,22,0.55,0.6470588235294118,0.5945945945945946,0.6875,0.7912713472485768,0.78,0.9315068493150684,0.918918918918919,0.9444444444444444,0.06657757259142268,0.0759493670886076
55,hybrid_xgboost,167,48,17,31,61,106,11,11,6,20,0.5,0.6470588235294118,0.5641025641025641,0.6458333333333334,0.8197343453510437,0.56,0.8924731182795699,0.8426395939086294,0.9485714285714286,0.06645608067063541,0.07383966244725738
56,rule_definition,167,48,17,31,61,106,11,10,6,21,0.5238095238095238,0.6470588235294118,0.5789473684210527,0.6666666666666666,0.6622390891840607,,,,,,
56,xgboost_baseline,167,48,17,31,61,106,11,10,6,21,0.5238095238095238,0.6470588235294118,0.5789473684210527,0.6666666666666666,0.7571157495256167,0.44,0.9267015706806283,0.8805970149253731,0.9779005524861878,0.06535869041887338,0.07893589184474488
56,hybrid_xgboost,167,48,17,31,61,106,13,7,4,24,0.65,0.7647058823529411,0.7027027027027027,0.7708333333333334,0.8159392789373814,0.82,0.9121813031161473,0.9147727272727273,0.9096045197740112,0.0655994222436206,0.07719145224596598
57,rule_definition,167,48,17,31,61,106,13,9,4,22,0.5909090909090909,0.7647058823529411,0.6666666666666666,0.7291666666666666,0.7371916508538899,,,,,,
57,xgboost_baseline,167,48,17,31,61,106,16,9,1,22,0.64,0.9411764705882353,0.7619047619047619,0.7916666666666666,0.8671726755218216,0.44,0.9074626865671642,0.8539325842696629,0.9681528662420382,0.06877278250303767,0.06621678616617462
57,hybrid_xgboost,167,48,17,31,61,106,15,7,2,24,0.6818181818181818,0.8823529411764706,0.7692307692307693,0.8125,0.8747628083491461,0.62,0.8895705521472392,0.8529411764705882,0.9294871794871795,0.06877278250303767,0.0657950231969633
58,rule_definition,167,48,17,31,61,106,13,9,4,22,0.5909090909090909,0.7647058823529411,0.6666666666666666,0.7291666666666666,0.7371916508538899,,,,,,
58,xgboost_baseline,167,48,17,31,61,106,11,11,6,20,0.5,0.6470588235294118,0.5641025641025641,0.6458333333333334,0.7722960151802657,0.68,0.93125,0.93125,0.93125,0.06688844006177973,0.07326007326007326
58,hybrid_xgboost,167,48,17,31,61,106,14,11,3,20,0.56,0.8235294117647058,0.6666666666666666,0.7083333333333334,0.8330170777988615,0.7,0.9221183800623053,0.9079754601226994,0.9367088607594937,0.06700724723773316,0.07234432234432235
59,rule_definition,167,48,17,31,61,106,16,10,1,21,0.6153846153846154,0.9411764705882353,0.7441860465116279,0.7708333333333334,0.8092979127134725,,,,,,
59,xgboost_baseline,167,48,17,31,61,106,14,10,3,21,0.5833333333333334,0.8235294117647058,0.6829268292682927,0.7291666666666666,0.8500948766603416,0.76,0.9230769230769231,0.9290322580645162,0.9171974522292994,0.06846978557504874,0.06560802340158796
59,hybrid_xgboost,167,48,17,31,61,106,16,10,1,21,0.6153846153846154,0.9411764705882353,0.7441860465116279,0.7708333333333334,0.8861480075901328,0.74,0.9130434782608695,0.9130434782608695,0.9130434782608695,0.06834795321637427,0.06727956539908066
60,rule_definition,167,48,17,31,61,106,14,11,3,20,0.56,0.8235294117647058,0.6666666666666666,0.7083333333333334,0.7343453510436433,,,,,,
60,xgboost_baseline,167,48,17,31,61,106,12,11,5,20,0.5217391304347826,0.7058823529411765,0.6,0.6666666666666666,0.8026565464895635,0.82,0.911660777385159,0.8958333333333334,0.9280575539568345,0.06915020233277791,0.06321055025011368
60,hybrid_xgboost,167,48,17,31,61,106,13,5,4,26,0.7222222222222222,0.7647058823529411,0.7428571428571429,0.8125,0.8538899430740037,0.88,0.9077490774907749,0.924812030075188,0.8913043478260869,0.06950726017614854,0.06275579809004093
61,rule_definition,167,48,17,31,61,106,13,6,4,25,0.6842105263157895,0.7647058823529411,0.7222222222222222,0.7916666666666666,0.7855787476280834,,,,,,
61,xgboost_baseline,167,48,17,31,61,106,13,7,4,24,0.65,0.7647058823529411,0.7027027027027027,0.7708333333333334,0.8975332068311195,0.84,0.8932038834951457,0.8903225806451613,0.8961038961038961,0.06778857549182271,0.07119741100323625
61,hybrid_xgboost,167,48,17,31,61,106,16,7,1,24,0.6956521739130435,0.9411764705882353,0.8,0.8333333333333334,0.9506641366223909,0.56,0.8623853211009175,0.8197674418604651,0.9096774193548387,0.06719601801374733,0.07165973185390662
62,rule_definition,167,48,17,31,61,106,14,8,3,23,0.6363636363636364,0.8235294117647058,0.717948717948718,0.7708333333333334,0.7827324478178368,,,,,,
62,xgboost_baseline,167,48,17,31,61,106,12,6,5,25,0.6666666666666666,0.7058823529411765,0.6857142857142857,0.7708333333333334,0.8500948766603417,0.84,0.9337539432176656,0.9308176100628931,0.9367088607594937,0.06751912045889101,0.07075682937751904
62,hybrid_xgboost,167,48,17,31,61,106,14,5,3,26,0.7368421052631579,0.8235294117647058,0.7777777777777778,0.8333333333333334,0.9165085388994307,0.8,0.89937106918239,0.8827160493827161,0.9166666666666666,0.06763862332695984,0.06986117330944917
63,rule_definition,167,48,17,31,61,106,12,6,5,25,0.6666666666666666,0.7058823529411765,0.6857142857142857,0.7708333333333334,0.7561669829222012,,,,,,
63,xgboost_baseline,167,48,17,31,61,106,13,6,4,25,0.6842105263157895,0.7647058823529411,0.7222222222222222,0.7916666666666666,0.9146110056925996,0.72,0.9491525423728814,0.9491525423728814,0.9491525423728814,0.06605813115541677,0.0778021978021978
63,hybrid_xgboost,167,48,17,31,61,106,17,10,0,21,0.6296296296296297,1.0,0.7727272727272727,0.7916666666666666,0.9506641366223909,0.46,0.9201101928374655,0.8835978835978836,0.9597701149425287,0.06581791976939708,0.07648351648351648
64,rule_definition,167,48,17,31,61,106,16,9,1,22,0.64,0.9411764705882353,0.7619047619047619,0.7916666666666666,0.825426944971537,,,,,,
64,xgboost_baseline,167,48,17,31,61,106,13,4,4,27,0.7647058823529411,0.7647058823529411,0.7647058823529411,0.8333333333333334,0.8880455407969639,0.82,0.9235880398671097,0.9266666666666666,0.9205298013245033,0.06864519242369405,0.06531141868512111
64,hybrid_xgboost,167,48,17,31,61,106,15,6,2,25,0.7142857142857143,0.8823529411764706,0.7894736842105263,0.8333333333333334,0.937381404174573,0.64,0.8990228013029316,0.8846153846153846,0.9139072847682119,0.06888647605259983,0.06531141868512111
65,rule_definition,167,48,17,31,61,106,11,6,6,25,0.6470588235294118,0.6470588235294118,0.6470588235294118,0.75,0.7267552182163187,,,,,,
65,xgboost_baseline,167,48,17,31,61,106,11,6,6,25,0.6470588235294118,0.6470588235294118,0.6470588235294118,0.75,0.8216318785578747,0.68,0.9225589225589226,0.8954248366013072,0.9513888888888888,0.06817651179080084,0.07076167076167077
65,hybrid_xgboost,167,48,17,31,61,106,13,5,4,26,0.7222222222222222,0.7647058823529411,0.7428571428571429,0.8125,0.8671726755218216,0.74,0.89198606271777,0.8827586206896552,0.9014084507042254,0.06770954938127481,0.06977886977886978
66,rule_definition,167,48,17,31,61,106,12,5,5,26,0.7058823529411765,0.7058823529411765,0.7058823529411765,0.7916666666666666,0.7722960151802657,,,,,,
66,xgboost_baseline,167,48,17,31,61,106,13,6,4,25,0.6842105263157895,0.7647058823529411,0.7222222222222222,0.7916666666666666,0.9203036053130931,0.68,0.91875,0.901840490797546,0.9363057324840764,0.06808155478717062,0.07091237579042457
66,hybrid_xgboost,167,48,17,31,61,106,17,8,0,23,0.68,1.0,0.8095238095238095,0.8333333333333334,0.9240986717267552,0.34,0.8985507246376812,0.8288770053475936,0.9810126582278481,0.06724692977226661,0.07136404697380307
67,rule_definition,167,48,17,31,61,106,13,6,4,25,0.6842105263157895,0.7647058823529411,0.7222222222222222,0.7916666666666666,0.7855787476280834,,,,,,
67,xgboost_baseline,167,48,17,31,61,106,13,4,4,27,0.7647058823529411,0.7647058823529411,0.7647058823529411,0.8333333333333334,0.9013282732447818,0.66,0.9032258064516129,0.9032258064516129,0.9032258064516129,0.0652095157589663,0.08017241379310344
67,hybrid_xgboost,167,48,17,31,61,106,13,2,4,29,0.8666666666666667,0.7647058823529411,0.8125,0.875,0.9089184060721062,0.8,0.9005524861878453,0.9209039548022598,0.8810810810810811,0.06484724067141649,0.07974137931034483
68,rule_definition,167,48,17,31,61,106,13,5,4,26,0.7222222222222222,0.7647058823529411,0.7428571428571429,0.8125,0.8017077798861479,,,,,,
68,xgboost_baseline,167,48,17,31,61,106,13,5,4,26,0.7222222222222222,0.7647058823529411,0.7428571428571429,0.8125,0.9278937381404175,0.84,0.9115646258503401,0.9178082191780822,0.9054054054054054,0.06887937187723055,0.0674259681093394
68,hybrid_xgboost,167,48,17,31,61,106,15,3,2,28,0.8333333333333334,0.8823529411764706,0.8571428571428571,0.8958333333333334,0.9620493358633776,0.8,0.8926174496644296,0.8866666666666667,0.8986486486486487,0.06828455864858435,0.0674259681093394
69,rule_definition,167,48,17,31,61,106,8,7,9,24,0.5333333333333333,0.47058823529411764,0.5,0.6666666666666666,0.6223908918406073,,,,,,
69,xgboost_baseline,167,48,17,31,61,106,7,5,10,26,0.5833333333333334,0.4117647058823529,0.4827586206896552,0.6875,0.7343453510436433,0.88,0.937984496124031,0.9453125,0.9307692307692308,0.07036472381845901,0.0626808100289296
69,hybrid_xgboost,167,48,17,31,61,106,13,10,4,21,0.5652173913043478,0.7647058823529411,0.65,0.7083333333333334,0.8026565464895635,0.62,0.9037037037037037,0.8591549295774648,0.953125,0.06966107658027443,0.06171648987463838
70,rule_definition,167,48,17,31,61,106,14,7,3,24,0.6666666666666666,0.8235294117647058,0.7368421052631579,0.7916666666666666,0.7988614800759013,,,,,,
70,xgboost_baseline,167,48,17,31,61,106,15,8,2,23,0.6521739130434783,0.8823529411764706,0.75,0.7916666666666666,0.9392789373814042,0.58,0.9429429429429429,0.9289940828402367,0.9573170731707317,0.0676246830092984,0.0706896551724138
70,hybrid_xgboost,167,48,17,31,61,106,16,6,1,25,0.7272727272727273,0.9411764705882353,0.8205128205128205,0.8541666666666666,0.9620493358633776,0.62,0.9221556886227545,0.9058823529411765,0.9390243902439024,0.06738316628426519,0.0706896551724138
71,rule_definition,167,48,17,31,61,106,13,5,4,26,0.7222222222222222,0.7647058823529411,0.7428571428571429,0.8125,0.8017077798861479,,,,,,
71,xgboost_baseline,167,48,17,31,61,106,13,5,4,26,0.7222222222222222,0.7647058823529411,0.7428571428571429,0.8125,0.920303605313093,0.72,0.9438943894389439,0.9407894736842105,0.9470198675496688,0.06790050689614523,0.07129367327667611
71,hybrid_xgboost,167,48,17,31,61,106,15,5,2,26,0.75,0.8823529411764706,0.8108108108108109,0.8541666666666666,0.9278937381404173,0.68,0.9084745762711864,0.9178082191780822,0.8993288590604027,0.06754685842272781,0.07034938621340887
72,rule_definition,167,48,17,31,61,106,12,5,5,26,0.7058823529411765,0.7058823529411765,0.7058823529411765,0.7916666666666666,0.7722960151802657,,,,,,
72,xgboost_baseline,167,48,17,31,61,106,12,4,5,27,0.75,0.7058823529411765,0.7272727272727273,0.8125,0.888045540796964,0.78,0.9367088607594937,0.9487179487179487,0.925,0.06798324356672651,0.07123775601068566
72,hybrid_xgboost,167,48,17,31,61,106,16,6,1,25,0.7272727272727273,0.9411764705882353,0.8205128205128205,0.8541666666666666,0.9430740037950663,0.68,0.9171974522292994,0.9171974522292994,0.9171974522292994,0.06762417713943747,0.06990204808548531
73,rule_definition,167,48,17,31,61,106,10,4,7,27,0.7142857142857143,0.5882352941176471,0.6451612903225806,0.7708333333333334,0.7296015180265656,,,,,,
73,xgboost_baseline,167,48,17,31,61,106,12,3,5,28,0.8,0.7058823529411765,0.75,0.8333333333333334,0.9127134724857685,0.68,0.9314079422382672,0.9084507042253521,0.9555555555555556,0.07047416341492255,0.06296641791044776
73,hybrid_xgboost,167,48,17,31,61,106,14,0,3,31,1.0,0.8235294117647058,0.9032258064516129,0.9375,0.9089184060721062,0.7,0.8913857677902621,0.875,0.9083969465648855,0.06988293721177723,0.06110074626865672
74,rule_definition,167,48,17,31,61,106,14,4,3,27,0.7777777777777778,0.8235294117647058,0.8,0.8541666666666666,0.8472485768500948,,,,,,
74,xgboost_baseline,167,48,17,31,61,106,14,7,3,24,0.6666666666666666,0.8235294117647058,0.7368421052631579,0.7916666666666666,0.8766603415559773,0.8,0.9342105263157895,0.9281045751633987,0.9403973509933775,0.06745520552757935,0.07322987390882638
74,hybrid_xgboost,167,48,17,31,61,106,16,7,1,24,0.6956521739130435,0.9411764705882353,0.8,0.8333333333333334,0.9240986717267553,0.7,0.932475884244373,0.90625,0.9602649006622517,0.06686965686848577,0.07322987390882638
75,rule_definition,167,48,17,31,61,106,11,6,6,25,0.6470588235294118,0.6470588235294118,0.6470588235294118,0.75,0.7267552182163187,,,,,,
75,xgboost_baseline,167,48,17,31,61,106,12,7,5,24,0.631578947368421,0.7058823529411765,0.6666666666666666,0.75,0.8045540796963947,0.86,0.896774193548387,0.9144736842105263,0.879746835443038,0.06857555341674687,0.0690257754477938
75,hybrid_xgboost,167,48,17,31,61,106,13,8,4,23,0.6190476190476191,0.7647058823529411,0.6842105263157895,0.75,0.8140417457305503,0.8,0.8875,0.8658536585365854,0.9102564102564102,0.06809432146294514,0.06815203145478375
76,rule_definition,167,48,17,31,61,106,13,9,4,22,0.5909090909090909,0.7647058823529411,0.6666666666666666,0.7291666666666666,0.7371916508538899,,,,,,
76,xgboost_baseline,167,48,17,31,61,106,13,7,4,24,0.65,0.7647058823529411,0.7027027027027027,0.7708333333333334,0.8614800759013281,0.84,0.9337979094076655,0.9178082191780822,0.950354609929078,0.06908831908831908,0.06476802939825448
76,hybrid_xgboost,167,48,17,31,61,106,15,8,2,23,0.6521739130434783,0.8823529411764706,0.75,0.7916666666666666,0.8861480075901329,0.68,0.9139072847682119,0.8846153846153846,0.9452054794520548,0.06837606837606838,0.06706476802939826
77,rule_definition,167,48,17,31,61,106,10,8,7,23,0.5555555555555556,0.5882352941176471,0.5714285714285714,0.6875,0.6650853889943075,,,,,,
77,xgboost_baseline,167,48,17,31,61,106,8,8,9,23,0.5,0.47058823529411764,0.48484848484848486,0.6458333333333334,0.7647058823529411,0.78,0.9096774193548387,0.8757763975155279,0.9463087248322147,0.06858905897709743,0.06853725850965961
77,hybrid_xgboost,167,48,17,31,61,106,11,6,6,25,0.6470588235294118,0.6470588235294118,0.6470588235294118,0.75,0.8235294117647058,0.6,0.9102167182662538,0.8448275862068966,0.9865771812080537,0.06799572801708793,0.06853725850965961
78,rule_definition,167,48,17,31,61,106,12,5,5,26,0.7058823529411765,0.7058823529411765,0.7058823529411765,0.7916666666666666,0.7722960151802657,,,,,,
78,xgboost_baseline,167,48,17,31,61,106,15,8,2,23,0.6521739130434783,0.8823529411764706,0.75,0.7916666666666666,0.8519924098671727,0.66,0.9182389937106918,0.9240506329113924,0.9125,0.06761904761904762,0.07269422989550205
78,hybrid_xgboost,167,48,17,31,61,106,15,7,2,24,0.6818181818181818,0.8823529411764706,0.7692307692307693,0.8125,0.8861480075901328,0.68,0.8961038961038961,0.8846153846153846,0.9078947368421053,0.06785714285714285,0.06905951840072694
79,rule_definition,167,48,17,31,61,106,11,6,6,25,0.6470588235294118,0.6470588235294118,0.6470588235294118,0.75,0.7267552182163187,,,,,,
79,xgboost_baseline,167,48,17,31,61,106,12,8,5,23,0.6,0.7058823529411765,0.6486486486486487,0.7291666666666666,0.8557874762808348,0.46,0.9074074074074074,0.8497109826589595,0.9735099337748344,0.06925108017282765,0.06654914059056853
79,hybrid_xgboost,167,48,17,31,61,106,16,8,1,23,0.6666666666666666,0.9411764705882353,0.7804878048780488,0.8125,0.9051233396584439,0.34,0.8929663608562691,0.8295454545454546,0.9668874172185431,0.0685309649543927,0.06654914059056853
80,rule_definition,167,48,17,31,61,106,9,11,8,20,0.45,0.5294117647058824,0.4864864864864865,0.6041666666666666,0.5872865275142314,,,,,,
80,xgboost_baseline,167,48,17,31,61,106,10,7,7,24,0.5882352941176471,0.5882352941176471,0.5882352941176471,0.7083333333333334,0.7571157495256168,0.68,0.9368421052631579,0.9319371727748691,0.9417989417989417,0.06347702510658455,0.08762169680111266
80,hybrid_xgboost,167,48,17,31,61,106,12,6,5,25,0.6666666666666666,0.7058823529411765,0.6857142857142857,0.7708333333333334,0.8064516129032258,0.76,0.9081081081081082,0.9032258064516129,0.9130434782608695,0.06371387967787778,0.08530366249420492
81,rule_definition,167,48,17,31,61,106,13,9,4,22,0.5909090909090909,0.7647058823529411,0.6666666666666666,0.7291666666666666,0.7371916508538899,,,,,,
81,xgboost_baseline,167,48,17,31,61,106,12,3,5,28,0.8,0.7058823529411765,0.75,0.8333333333333334,0.8026565464895636,0.82,0.9090909090909091,0.9398496240601504,0.8802816901408451,0.06870048480548657,0.06623134328358209
81,hybrid_xgboost,167,48,17,31,61,106,13,7,4,24,0.65,0.7647058823529411,0.7027027027027027,0.7708333333333334,0.8406072106261859,0.44,0.8825622775800712,0.8551724137931035,0.9117647058823529,0.0692917110086319,0.06343283582089553
82,rule_definition,167,48,17,31,61,106,14,5,3,26,0.7368421052631579,0.8235294117647058,0.7777777777777778,0.8333333333333334,0.8311195445920304,,,,,,
82,xgboost_baseline,167,48,17,31,61,106,12,7,5,24,0.631578947368421,0.7058823529411765,0.6666666666666666,0.75,0.8975332068311195,0.72,0.9386503067484663,0.9386503067484663,0.9386503067484663,0.06707171789373362,0.07385591300407793
82,hybrid_xgboost,167,48,17,31,61,106,14,5,3,26,0.7368421052631579,0.8235294117647058,0.7777777777777778,0.8333333333333334,0.9108159392789373,0.38,0.9017341040462428,0.8478260869565217,0.9629629629629629,0.06671431975220396,0.07340280924331671
83,rule_definition,167,48,17,31,61,106,13,4,4,27,0.7647058823529411,0.7647058823529411,0.7647058823529411,0.8333333333333334,0.8178368121442124,,,,,,
83,xgboost_baseline,167,48,17,31,61,106,14,11,3,20,0.56,0.8235294117647058,0.6666666666666666,0.7083333333333334,0.8273244781783682,0.46,0.9250814332247557,0.8819875776397516,0.9726027397260274,0.0701120346946151,0.06347826086956522
83,hybrid_xgboost,167,48,17,31,61,106,13,6,4,25,0.6842105263157895,0.7647058823529411,0.7222222222222222,0.7916666666666666,0.8595825426944972,0.66,0.9140893470790378,0.8986486486486487,0.9300699300699301,0.06975063245392121,0.06217391304347826
84,rule_definition,167,48,17,31,61,106,12,5,5,26,0.7058823529411765,0.7058823529411765,0.7058823529411765,0.7916666666666666,0.7722960151802657,,,,,,
84,xgboost_baseline,167,48,17,31,61,106,12,9,5,22,0.5714285714285714,0.7058823529411765,0.631578947368421,0.7083333333333334,0.8330170777988615,0.56,0.9490445859872612,0.9197530864197531,0.9802631578947368,0.0692557412528556,0.06654991243432574
84,hybrid_xgboost,167,48,17,31,61,106,12,11,5,20,0.5217391304347826,0.7058823529411765,0.6,0.6666666666666666,0.8690702087286527,0.38,0.9177215189873418,0.8841463414634146,0.9539473684210527,0.06853432728147169,0.06654991243432574
85,rule_definition,167,48,17,31,61,106,14,9,3,22,0.6086956521739131,0.8235294117647058,0.7,0.75,0.7666034155597723,,,,,,
85,xgboost_baseline,167,48,17,31,61,106,15,13,2,18,0.5357142857142857,0.8823529411764706,0.6666666666666666,0.6875,0.8690702087286527,0.44,0.9368029739776952,0.9,0.9767441860465116,0.06910616478265937,0.06386138613861386
85,hybrid_xgboost,167,48,17,31,61,106,15,6,2,25,0.7142857142857143,0.8823529411764706,0.7894736842105263,0.8333333333333334,0.8975332068311196,0.8,0.9118773946360154,0.9015151515151515,0.9224806201550387,0.06910616478265937,0.06386138613861386
86,rule_definition,167,48,17,31,61,106,14,4,3,27,0.7777777777777778,0.8235294117647058,0.8,0.8541666666666666,0.8472485768500948,,,,,,
86,xgboost_baseline,167,48,17,31,61,106,16,9,1,22,0.64,0.9411764705882353,0.7619047619047619,0.7916666666666666,0.922201138519924,0.46,0.9379310344827586,0.9444444444444444,0.9315068493150684,0.06832079021636876,0.06962327134000953
86,hybrid_xgboost,167,48,17,31,61,106,16,8,1,23,0.6666666666666666,0.9411764705882353,0.7804878048780488,0.8125,0.9430740037950665,0.72,0.9219858156028369,0.9558823529411765,0.8904109589041096,0.06773283160865474,0.06962327134000953
87,rule_definition,167,48,17,31,61,106,11,4,6,27,0.7333333333333333,0.6470588235294118,0.6875,0.7916666666666666,0.7590132827324478,,,,,,
87,xgboost_baseline,167,48,17,31,61,106,14,7,3,24,0.6666666666666666,0.8235294117647058,0.7368421052631579,0.7916666666666666,0.8671726755218216,0.84,0.9342105263157895,0.8987341772151899,0.9726027397260274,0.07028523288000962,0.0636998254799302
87,hybrid_xgboost,167,48,17,31,61,106,15,11,2,20,0.5769230769230769,0.8823529411764706,0.6976744186046512,0.7291666666666666,0.8823529411764706,0.62,0.910828025477707,0.8562874251497006,0.9727891156462585,0.06920207004453002,0.06413612565445026
88,rule_definition,167,48,17,31,61,106,14,5,3,26,0.7368421052631579,0.8235294117647058,0.7777777777777778,0.8333333333333334,0.8311195445920304,,,,,,
88,xgboost_baseline,167,48,17,31,61,106,12,7,5,24,0.631578947368421,0.7058823529411765,0.6666666666666666,0.75,0.8633776091081594,0.64,0.9171974522292994,0.9056603773584906,0.9290322580645162,0.06883664858348403,0.06721595836947095
88,hybrid_xgboost,167,48,17,31,61,106,13,9,4,22,0.5909090909090909,0.7647058823529411,0.6666666666666666,0.7291666666666666,0.8728652751423149,0.58,0.919093851132686,0.9044585987261147,0.9342105263157895,0.06871609403254973,0.06591500433651344
89,rule_definition,167,48,17,31,61,106,10,4,7,27,0.7142857142857143,0.5882352941176471,0.6451612903225806,0.7708333333333334,0.7296015180265656,,,,,,
89,xgboost_baseline,167,48,17,31,61,106,10,5,7,26,0.6666666666666666,0.5882352941176471,0.625,0.75,0.8444022770398482,0.76,0.9210526315789473,0.89171974522293,0.9523809523809523,0.0689899586532782,0.06882022471910113
89,hybrid_xgboost,167,48,17,31,61,106,15,6,2,25,0.7142857142857143,0.8823529411764706,0.7894736842105263,0.8333333333333334,0.8519924098671726,0.5,0.8932038834951457,0.8363636363636363,0.9583333333333334,0.06828115770821028,0.06741573033707865
90,rule_definition,167,48,17,31,61,106,9,4,8,27,0.6923076923076923,0.5294117647058824,0.6,0.75,0.7001897533206831,,,,,,
90,xgboost_baseline,167,48,17,31,61,106,12,8,5,23,0.6,0.7058823529411765,0.6486486486486487,0.7291666666666666,0.8481973434535104,0.54,0.9110320284697508,0.8951048951048951,0.927536231884058,0.06975924838520259,0.06615532118887824
90,hybrid_xgboost,167,48,17,31,61,106,12,3,5,28,0.8,0.7058823529411765,0.75,0.8333333333333334,0.9070208728652751,0.68,0.9117647058823529,0.9051094890510949,0.9185185185185185,0.06893716970052848,0.06471716203259828
91,rule_definition,167,48,17,31,61,106,10,5,7,26,0.6666666666666666,0.5882352941176471,0.625,0.75,0.7134724857685011,,,,,,
91,xgboost_baseline,167,48,17,31,61,106,13,7,4,24,0.65,0.7647058823529411,0.7027027027027027,0.7708333333333334,0.8500948766603416,0.56,0.9142857142857143,0.8944099378881988,0.935064935064935,0.06888304233436977,0.06878070567217508
91,hybrid_xgboost,167,48,17,31,61,106,15,9,2,22,0.625,0.8823529411764706,0.7317073170731707,0.7708333333333334,0.9070208728652752,0.6,0.8817891373801917,0.8571428571428571,0.9078947368421053,0.06816551064338675,0.06788744975435462
92,rule_definition,167,48,17,31,61,106,12,4,5,27,0.75,0.7058823529411765,0.7272727272727273,0.8125,0.7884250474383302,,,,,,
92,xgboost_baseline,167,48,17,31,61,106,12,7,5,24,0.631578947368421,0.7058823529411765,0.6666666666666666,0.75,0.8671726755218216,0.86,0.9254658385093167,0.9030303030303031,0.9490445859872612,0.06895720313441832,0.06808326105810927
92,hybrid_xgboost,167,48,17,31,61,106,14,10,3,21,0.5833333333333334,0.8235294117647058,0.6829268292682927,0.7291666666666666,0.8614800759013282,0.8,0.8875,0.8554216867469879,0.922077922077922,0.06847498493068113,0.06678230702515178
93,rule_definition,167,48,17,31,61,106,12,6,5,25,0.6666666666666666,0.7058823529411765,0.6857142857142857,0.7708333333333334,0.7561669829222012,,,,,,
93,xgboost_baseline,167,48,17,31,61,106,13,10,4,21,0.5652173913043478,0.7647058823529411,0.65,0.7083333333333334,0.8728652751423149,0.56,0.9135802469135802,0.8654970760233918,0.9673202614379085,0.06899038461538462,0.06707584392810172
93,hybrid_xgboost,167,48,17,31,61,106,14,8,3,23,0.6363636363636364,0.8235294117647058,0.717948717948718,0.7708333333333334,0.8994307400379506,0.48,0.8881987577639752,0.8362573099415205,0.9470198675496688,0.0686298076923077,0.0661990355107409
94,rule_definition,167,48,17,31,61,106,14,5,3,26,0.7368421052631579,0.8235294117647058,0.7777777777777778,0.8333333333333334,0.8311195445920304,,,,,,
94,xgboost_baseline,167,48,17,31,61,106,13,6,4,25,0.6842105263157895,0.7647058823529411,0.7222222222222222,0.7916666666666666,0.8956356736242884,0.64,0.9207317073170732,0.877906976744186,0.967948717948718,0.06898220985114366,0.06672369546621043
94,hybrid_xgboost,167,48,17,31,61,106,14,5,3,26,0.7368421052631579,0.8235294117647058,0.7777777777777778,0.8333333333333334,0.8861480075901328,0.72,0.9085173501577287,0.9113924050632911,0.9056603773584906,0.0681350599056033,0.06800684345594525
95,rule_definition,167,48,17,31,61,106,11,7,6,24,0.6111111111111112,0.6470588235294118,0.6285714285714286,0.7291666666666666,0.7106261859582543,,,,,,
95,xgboost_baseline,167,48,17,31,61,106,10,8,7,23,0.5555555555555556,0.5882352941176471,0.5714285714285714,0.6875,0.7741935483870968,0.9,0.8689138576779026,0.8592592592592593,0.8787878787878788,0.06977835111997185,0.06364513018322084
95,hybrid_xgboost,167,48,17,31,61,106,13,4,4,27,0.7647058823529411,0.7647058823529411,0.7647058823529411,0.8333333333333334,0.8500948766603416,0.86,0.8345864661654135,0.8043478260869565,0.8671875,0.06966107658027443,0.06171648987463838
96,rule_definition,167,48,17,31,61,106,12,5,5,26,0.7058823529411765,0.7058823529411765,0.7058823529411765,0.7916666666666666,0.7722960151802657,,,,,,
96,xgboost_baseline,167,48,17,31,61,106,14,10,3,21,0.5833333333333334,0.8235294117647058,0.6829268292682927,0.7291666666666666,0.8292220113851992,0.48,0.8979591836734694,0.8461538461538461,0.9565217391304348,0.07058260557482952,0.06155218554861731
96,hybrid_xgboost,167,48,17,31,61,106,15,11,2,20,0.5769230769230769,0.8823529411764706,0.6976744186046512,0.7291666666666666,0.8690702087286527,0.5,0.8620689655172413,0.8223684210526315,0.9057971014492754,0.06986481636559397,0.06155218554861731
97,rule_definition,167,48,17,31,61,106,12,9,5,22,0.5714285714285714,0.7058823529411765,0.631578947368421,0.7083333333333334,0.7077798861480078,,,,,,
97,xgboost_baseline,167,48,17,31,61,106,12,8,5,23,0.6,0.7058823529411765,0.6486486486486487,0.7291666666666666,0.8330170777988615,0.72,0.8837209302325582,0.8636363636363636,0.9047619047619048,0.06965637740244612,0.0625
97,hybrid_xgboost,167,48,17,31,61,106,17,9,0,22,0.6538461538461539,1.0,0.7906976744186046,0.8125,0.9070208728652751,0.84,0.860655737704918,0.8823529411764706,0.84,0.06953989516598719,0.062003968253968256
98,rule_definition,167,48,17,31,61,106,14,4,3,27,0.7777777777777778,0.8235294117647058,0.8,0.8541666666666666,0.8472485768500948,,,,,,
98,xgboost_baseline,167,48,17,31,61,106,13,6,4,25,0.6842105263157895,0.7647058823529411,0.7222222222222222,0.7916666666666666,0.9259962049335864,0.7,0.9257142857142857,0.8950276243093923,0.9585798816568047,0.06797417468631989,0.07065217391304347
98,hybrid_xgboost,167,48,17,31,61,106,15,3,2,28,0.8333333333333334,0.8823529411764706,0.8571428571428571,0.8958333333333334,0.9525616698292221,0.72,0.8914285714285715,0.8524590163934426,0.9341317365269461,0.0676087221342429,0.06981605351170568
99,rule_definition,167,48,17,31,61,106,9,8,8,23,0.5294117647058824,0.5294117647058824,0.5294117647058824,0.6666666666666666,0.6356736242884251,,,,,,
99,xgboost_baseline,167,48,17,31,61,106,9,7,8,24,0.5625,0.5294117647058824,0.5454545454545454,0.6875,0.7419354838709677,0.88,0.920863309352518,0.9078014184397163,0.9343065693430657,0.07072762087123026,0.06102449888641425
99,hybrid_xgboost,167,48,17,31,61,106,10,7,7,24,0.5882352941176471,0.5882352941176471,0.5882352941176471,0.7083333333333334,0.7950664136622391,0.8,0.9187279151943463,0.9027777777777778,0.935251798561151,0.06977022498803255,0.061915367483296214
100,rule_definition,167,48,17,31,61,106,13,4,4,27,0.7647058823529411,0.7647058823529411,0.7647058823529411,0.8333333333333334,0.8178368121442124,,,,,,
100,xgboost_baseline,167,48,17,31,61,106,12,5,5,26,0.7058823529411765,0.7058823529411765,0.7058823529411765,0.7916666666666666,0.9203036053130931,0.82,0.9113924050632911,0.8709677419354839,0.9557522123893806,0.07262635805384979,0.05297702766057196
100,hybrid_xgboost,167,48,17,31,61,106,15,5,2,26,0.75,0.8823529411764706,0.8108108108108109,0.8541666666666666,0.9259962049335864,0.68,0.8870292887029289,0.8346456692913385,0.9464285714285714,0.07203589985829004,0.05250820440693858
